Transaction ID,Date and Time,Value,Product Code,Product Category,Payment Method,Customer Segment
T00001,2023-10-19 05:26:20.326308,751.12,P425,Furniture,Credit Card,Regular
T00002,2024-06-06 04:32:32.326308,253.52,P419,Electronics,Online Payment,Regular
T00003,2024-01-25 00:57:46.326308,158.76,P586,Grocery,Online Payment,Regular
T00004,2024-05-17 02:41:46.326308,779.71,P788,Clothing,Cash,Regular
T00005,2023-09-08 01:06:26.326308,305.99,P724,Furniture,Online Payment,Regular
T00006,2024-03-14 18:07:03.326308,305.59,P928,Toys,Cash,Loyal
T00007,2024-05-03 14:39:38.326308,373.84,P461,Clothing,Debit Card,Loyal
T00008,2024-07-04 23:46:37.326308,611.46,P579,Grocery,Debit Card,Loyal
T00009,2024-08-03 08:47:04.326308,823.11,P112,Toys,Credit Card,Loyal
T00010,2024-01-03 15:12:06.326308,97.72,P738,Toys,Credit Card,Loyal
T00011,2024-03-05 12:07:11.326308,835.23,P309,Clothing,Cash,Loyal
T00012,2024-07-17 05:41:01.326308,353.42,P544,Grocery,Credit Card,New
T00013,2024-03-08 03:59:15.326308,767.7,P883,Electronics,Online Payment,Loyal
T00014,2023-08-31 11:52:15.326308,12.71,P239,Toys,Debit Card,Loyal
T00015,2024-04-22 02:54:53.326308,70.2,P572,Clothing,Online Payment,Regular
T00016,2023-09-14 12:16:34.326308,373.59,P240,Toys,Online Payment,Regular
T00017,2023-12-13 06:36:58.326308,427.86,P196,Toys,Cash,Loyal
T00018,2024-07-10 04:06:36.326308,451.67,P802,Electronics,Cash,Regular
T00019,2023-11-16 00:13:42.326308,230.92,P190,Toys,Debit Card,New
T00020,2024-03-07 22:36:52.326308,535.74,P263,Furniture,Debit Card,Regular
T00021,2024-08-01 02:24:53.326308,721.6,P398,Toys,Debit Card,Loyal
T00022,2023-12-20 16:04:34.326308,802.8,P365,Furniture,Online Payment,Loyal
T00023,2023-10-14 17:34:35.326308,12.19,P424,Electronics,Debit Card,Loyal
T00024,2023-11-09 12:56:19.326308,360.33,P313,Electronics,Credit Card,New
T00025,2024-05-05 07:19:21.326308,775.25,P960,Clothing,Online Payment,Loyal
T00026,2024-03-17 18:26:41.326308,223.84,P435,Grocery,Cash,New
T00027,2023-10-28 13:44:49.326308,91.54,P920,Grocery,Debit Card,New
T00028,2024-02-20 14:08:34.326308,341.26,P689,Clothing,Online Payment,Loyal
T00029,2023-10-30 00:09:32.326308,811.67,P200,Toys,Debit Card,Loyal
T00030,2024-06-03 22:57:35.326308,959.27,P259,Grocery,Credit Card,Loyal
T00031,2024-04-26 21:07:12.326308,253.38,P243,Electronics,Cash,Loyal
T00032,2024-01-11 05:20:25.326308,438.18,P849,Furniture,Credit Card,Regular
T00033,2024-05-05 21:35:07.326308,104.13,P999,Grocery,Debit Card,Loyal
T00034,2023-09-12 17:38:05.326308,312.18,P206,Furniture,Credit Card,Loyal
T00035,2024-01-25 11:12:00.326308,596.65,P683,Toys,Debit Card,Regular
T00036,2023-12-23 12:40:34.326308,218.01,P270,Furniture,Online Payment,New
T00037,2023-12-19 09:49:54.326308,143.15,P364,Furniture,Cash,New
T00038,2024-08-08 05:31:42.326308,410.68,P880,Toys,Credit Card,Regular
T00039,2024-03-28 12:40:25.326308,805.85,P470,Toys,Online Payment,Regular
T00040,2024-01-19 02:41:50.326308,138.31,P844,Toys,Online Payment,New
T00041,2023-10-13 17:03:34.326308,312.53,P316,Toys,Cash,Regular
T00042,2024-04-26 15:17:52.326308,532.19,P118,Grocery,Credit Card,New
T00043,2024-03-06 12:26:46.326308,739.91,P605,Grocery,Cash,New
T00044,2024-06-30 00:59:26.326308,315.83,P609,Furniture,Cash,New
T00045,2024-05-01 19:23:11.326308,369.24,P954,Grocery,Debit Card,Regular
T00046,2024-04-02 03:13:12.326308,759.1,P665,Clothing,Debit Card,Regular
T00047,2024-04-30 18:02:37.326308,155.67,P944,Toys,Debit Card,New
T00048,2024-03-23 14:42:26.326308,379.92,P740,Furniture,Cash,Loyal
T00049,2024-07-11 01:23:18.326308,462.14,P738,Toys,Credit Card,Loyal
T00050,2023-10-06 19:48:06.326308,585.83,P167,Toys,Online Payment,New
T00051,2023-10-30 04:04:58.326308,535.66,P669,Grocery,Cash,Loyal
T00052,2024-02-17 22:49:52.326308,464.75,P848,Toys,Credit Card,Regular
T00053,2023-12-28 02:32:36.326308,867.03,P152,Furniture,Online Payment,Loyal
T00054,2023-12-15 16:49:57.326308,200.81,P307,Electronics,Debit Card,New
T00055,2024-06-21 06:09:32.326308,937.71,P641,Clothing,Online Payment,Regular
T00056,2024-05-27 10:17:04.326308,615.88,P699,Grocery,Cash,Loyal
T00057,2024-07-22 03:36:03.326308,887.52,P107,Furniture,Credit Card,Loyal
T00058,2023-10-15 01:55:34.326308,427.01,P392,Electronics,Online Payment,Regular
T00059,2024-05-20 14:53:56.326308,208.59,P409,Toys,Online Payment,Regular
T00060,2024-02-03 01:31:20.326308,681.35,P648,Clothing,Debit Card,Regular
T00061,2024-06-16 21:38:22.326308,133.54,P956,Grocery,Debit Card,New
T00062,2024-01-16 05:31:11.326308,643.09,P417,Furniture,Credit Card,Loyal
T00063,2024-01-27 10:20:44.326308,511.03,P103,Electronics,Online Payment,Regular
T00064,2024-07-14 10:34:47.326308,887.24,P955,Furniture,Online Payment,New
T00065,2024-02-13 00:29:51.326308,874.37,P320,Clothing,Debit Card,Loyal
T00066,2024-01-12 14:13:07.326308,383.13,P309,Grocery,Cash,New
T00067,2023-08-23 04:34:43.326308,827.79,P375,Furniture,Debit Card,Regular
T00068,2024-02-10 00:24:09.326308,608.42,P574,Electronics,Online Payment,Loyal
T00069,2023-12-30 08:23:22.326308,932.19,P454,Electronics,Debit Card,Regular
T00070,2024-08-17 13:09:20.326308,538.6,P612,Grocery,Credit Card,New
T00071,2023-08-31 04:47:14.326308,89.5,P687,Toys,Credit Card,Regular
T00072,2023-09-18 17:24:18.326308,179.72,P305,Toys,Credit Card,New
T00073,2023-09-18 04:36:46.326308,12.35,P872,Electronics,Online Payment,Regular
T00074,2024-01-26 07:38:52.326308,972.4,P219,Toys,Cash,Loyal
T00075,2024-04-11 12:25:19.326308,490.37,P151,Toys,Debit Card,New
T00076,2023-09-21 08:53:29.326308,677.16,P664,Furniture,Credit Card,Loyal
T00077,2024-06-15 22:38:38.326308,933.8,P191,Clothing,Credit Card,Loyal
T00078,2024-06-13 02:44:04.326308,188.06,P733,Toys,Credit Card,Loyal
T00079,2024-07-07 23:26:33.326308,697.46,P738,Grocery,Debit Card,Regular
T00080,2024-08-17 20:07:45.326308,143.54,P443,Furniture,Credit Card,Loyal
T00081,2024-03-19 00:21:35.326308,992.49,P391,Grocery,Debit Card,Loyal
T00082,2024-02-24 07:08:34.326308,426.05,P440,Clothing,Credit Card,Loyal
T00083,2024-03-22 22:15:02.326308,656.01,P633,Electronics,Debit Card,New
T00084,2023-09-19 05:05:09.326308,199.38,P358,Toys,Credit Card,Loyal
T00085,2023-09-11 00:04:18.326308,368.06,P281,Furniture,Online Payment,Loyal
T00086,2023-10-31 06:06:41.326308,12.07,P682,Grocery,Cash,Loyal
T00087,2023-10-10 11:26:32.326308,903.31,P410,Grocery,Cash,New
T00088,2023-10-04 07:12:06.326308,524.56,P255,Grocery,Credit Card,New
T00089,2024-05-16 21:42:24.326308,41.26,P187,Furniture,Cash,Regular
T00090,2023-12-01 09:09:58.326308,369.22,P742,Electronics,Online Payment,Loyal
T00091,2024-04-27 05:53:15.326308,544.23,P127,Grocery,Debit Card,Loyal
T00092,2024-08-15 10:38:32.326308,38.82,P150,Clothing,Credit Card,Loyal
T00093,2024-01-21 14:10:36.326308,486.69,P160,Toys,Cash,Loyal
T00094,2024-03-19 05:06:51.326308,411.28,P450,Toys,Cash,Regular
T00095,2024-03-15 04:55:50.326308,574.62,P379,Toys,Credit Card,Regular
T00096,2024-04-01 20:52:21.326308,755.65,P949,Furniture,Online Payment,Loyal
T00097,2023-11-12 19:28:38.326308,339.65,P866,Toys,Cash,Regular
T00098,2023-10-15 13:43:45.326308,387.75,P176,Furniture,Credit Card,New
T00099,2024-06-28 11:33:13.326308,949.97,P171,Electronics,Credit Card,New
T00100,2023-08-23 07:07:23.326308,806.11,P771,Clothing,Debit Card,Loyal
T00101,2023-12-05 18:46:55.326308,25.15,P299,Electronics,Cash,New
T00102,2023-12-15 10:26:22.326308,81.45,P742,Grocery,Credit Card,Loyal
T00103,2023-11-23 06:09:58.326308,875.05,P951,Toys,Cash,Loyal
T00104,2024-03-18 03:39:53.326308,170.2,P303,Electronics,Credit Card,Loyal
T00105,2024-08-17 00:43:03.326308,623.45,P835,Furniture,Cash,Regular
T00106,2024-04-12 21:12:01.326308,982.64,P941,Electronics,Online Payment,Regular
T00107,2024-05-10 17:59:07.326308,159.75,P690,Grocery,Credit Card,Loyal
T00108,2023-12-17 20:47:37.326308,477.69,P234,Clothing,Cash,New
T00109,2024-02-10 14:11:03.326308,500.01,P970,Grocery,Debit Card,New
T00110,2024-05-07 00:29:45.326308,221.56,P141,Furniture,Credit Card,New
T00111,2023-12-20 14:27:22.326308,362.19,P152,Clothing,Online Payment,New
T00112,2024-03-28 02:23:35.326308,806.27,P476,Grocery,Online Payment,Regular
T00113,2023-11-09 18:39:53.326308,81.26,P109,Grocery,Cash,Regular
T00114,2023-09-03 03:08:58.326308,205.03,P667,Furniture,Credit Card,Regular
T00115,2024-01-03 15:20:52.326308,541.02,P872,Toys,Cash,Regular
T00116,2024-02-03 09:10:12.326308,851.68,P145,Electronics,Online Payment,New
T00117,2023-12-07 17:23:05.326308,15.33,P599,Grocery,Debit Card,New
T00118,2024-04-01 19:12:24.326308,542.57,P595,Clothing,Online Payment,Loyal
T00119,2024-04-04 16:01:48.326308,778.46,P523,Furniture,Debit Card,Regular
T00120,2024-05-10 18:49:40.326308,244.28,P961,Toys,Cash,Regular
T00121,2024-03-15 01:18:45.326308,612.4,P797,Furniture,Debit Card,Regular
T00122,2023-12-02 16:49:56.326308,238.87,P773,Toys,Credit Card,Regular
T00123,2024-01-17 09:03:18.326308,365.76,P951,Clothing,Debit Card,Loyal
T00124,2024-08-07 04:25:32.326308,24.98,P437,Clothing,Online Payment,Regular
T00125,2023-12-14 09:18:21.326308,542.32,P837,Grocery,Credit Card,Regular
T00126,2023-10-27 17:56:46.326308,133.07,P361,Toys,Debit Card,New
T00127,2024-02-27 10:18:34.326308,55.21,P215,Electronics,Debit Card,Regular
T00128,2023-09-20 08:06:18.326308,372.87,P347,Electronics,Credit Card,Regular
T00129,2024-06-10 21:45:15.326308,156.62,P545,Furniture,Online Payment,New
T00130,2024-06-25 16:33:46.326308,507.94,P182,Electronics,Credit Card,Regular
T00131,2024-07-13 05:01:21.326308,839.17,P452,Clothing,Debit Card,Loyal
T00132,2024-06-23 04:29:16.326308,296.97,P965,Grocery,Credit Card,New
T00133,2024-02-14 03:34:20.326308,796.12,P524,Clothing,Credit Card,New
T00134,2023-12-30 19:34:57.326308,572.5,P258,Electronics,Credit Card,Regular
T00135,2024-05-18 03:05:35.326308,880.43,P341,Toys,Cash,Regular
T00136,2023-11-09 18:47:32.326308,341.16,P309,Furniture,Online Payment,Loyal
T00137,2024-08-04 16:56:09.326308,61.41,P154,Electronics,Debit Card,New
T00138,2024-07-26 18:32:58.326308,750.53,P837,Furniture,Online Payment,New
T00139,2024-03-10 12:33:37.326308,340.42,P996,Clothing,Credit Card,New
T00140,2024-05-13 16:41:00.326308,275.74,P203,Grocery,Online Payment,Loyal
T00141,2023-11-18 05:17:05.326308,144.99,P963,Grocery,Credit Card,Loyal
T00142,2023-09-14 04:19:25.326308,213.77,P186,Grocery,Cash,Loyal
T00143,2024-02-20 13:14:42.326308,231.56,P707,Furniture,Debit Card,New
T00144,2023-09-09 17:57:10.326308,934.6,P206,Toys,Cash,Loyal
T00145,2023-11-30 17:06:40.326308,975.55,P233,Clothing,Cash,Regular
T00146,2024-02-18 00:59:09.326308,577.72,P855,Toys,Debit Card,Loyal
T00147,2024-02-10 16:16:20.326308,702.19,P369,Furniture,Debit Card,Loyal
T00148,2023-10-08 14:54:39.326308,400.47,P827,Toys,Online Payment,New
T00149,2024-08-21 15:54:57.326308,882.83,P183,Furniture,Cash,Loyal
T00150,2024-08-02 13:15:36.326308,922.59,P403,Clothing,Cash,New
T00151,2024-07-25 13:02:48.326308,858.23,P908,Clothing,Online Payment,Regular
T00152,2024-04-10 09:21:13.326308,176.93,P172,Toys,Online Payment,Regular
T00153,2024-03-18 13:58:58.326308,337.02,P308,Grocery,Credit Card,New
T00154,2024-01-10 06:55:04.326308,74.33,P853,Clothing,Online Payment,New
T00155,2024-06-14 21:03:33.326308,597.54,P824,Toys,Debit Card,Regular
T00156,2024-05-12 08:40:25.326308,449.44,P878,Electronics,Online Payment,New
T00157,2024-05-23 09:58:32.326308,926.42,P353,Furniture,Debit Card,New
T00158,2023-10-12 00:31:29.326308,989.72,P929,Grocery,Credit Card,Regular
T00159,2023-12-26 01:41:02.326308,912.38,P978,Clothing,Credit Card,New
T00160,2024-08-08 09:07:10.326308,980.67,P616,Grocery,Online Payment,Regular
T00161,2024-05-08 01:33:08.326308,572.45,P314,Electronics,Debit Card,Loyal
T00162,2024-01-11 12:03:31.326308,215.44,P158,Electronics,Debit Card,Regular
T00163,2024-07-24 20:36:46.326308,415.68,P591,Toys,Online Payment,New
T00164,2024-05-24 21:08:31.326308,457.77,P598,Grocery,Credit Card,Regular
T00165,2024-02-20 02:18:26.326308,904.4,P116,Furniture,Debit Card,Regular
T00166,2024-07-27 09:10:21.326308,679.97,P807,Furniture,Debit Card,New
T00167,2024-01-18 02:58:26.326308,394.88,P933,Toys,Debit Card,Regular
T00168,2023-10-10 05:22:37.326308,505.28,P353,Furniture,Online Payment,Loyal
T00169,2024-05-19 11:41:37.326308,56.83,P274,Grocery,Debit Card,New
T00170,2024-04-01 02:00:04.326308,150.23,P192,Electronics,Cash,Regular
T00171,2024-04-11 21:21:17.326308,471.05,P885,Clothing,Cash,Regular
T00172,2023-12-27 00:52:49.326308,877.97,P658,Clothing,Credit Card,Loyal
T00173,2023-08-23 11:16:41.326308,188.07,P540,Toys,Online Payment,Loyal
T00174,2023-11-05 14:11:45.326308,205.54,P312,Electronics,Credit Card,New
T00175,2024-03-25 02:51:41.326308,646.62,P958,Toys,Credit Card,New
T00176,2023-10-11 08:37:32.326308,415.77,P494,Toys,Credit Card,Regular
T00177,2024-07-09 12:12:40.326308,721.9,P605,Furniture,Cash,Loyal
T00178,2023-08-29 04:30:45.326308,825.38,P506,Toys,Cash,New
T00179,2024-08-09 22:45:26.326308,760.91,P998,Clothing,Debit Card,New
T00180,2023-11-05 07:38:55.326308,864.78,P759,Clothing,Debit Card,Regular
T00181,2024-07-30 16:27:13.326308,661.15,P654,Grocery,Online Payment,Regular
T00182,2024-03-17 04:59:22.326308,346.19,P569,Grocery,Cash,Loyal
T00183,2024-04-12 10:31:21.326308,978.31,P338,Clothing,Cash,Loyal
T00184,2023-12-12 17:03:10.326308,369.73,P866,Furniture,Debit Card,Loyal
T00185,2023-12-18 19:30:24.326308,836.78,P557,Furniture,Cash,Loyal
T00186,2024-01-29 13:31:36.326308,379.17,P869,Grocery,Online Payment,Loyal
T00187,2023-12-03 00:33:31.326308,779.82,P107,Electronics,Debit Card,Regular
T00188,2023-11-13 09:43:35.326308,655.8,P234,Furniture,Debit Card,New
T00189,2024-04-22 11:47:49.326308,434.8,P976,Clothing,Debit Card,Regular
T00190,2024-04-02 10:58:41.326308,991.62,P675,Electronics,Cash,Regular
T00191,2024-05-15 06:04:33.326308,640.56,P529,Furniture,Debit Card,Loyal
T00192,2024-04-27 08:27:44.326308,53.4,P658,Grocery,Debit Card,New
T00193,2024-01-28 02:41:12.326308,162.21,P572,Clothing,Debit Card,New
T00194,2023-11-18 14:58:43.326308,13.49,P723,Grocery,Cash,Loyal
T00195,2024-06-07 03:32:18.326308,627.39,P978,Grocery,Online Payment,Regular
T00196,2024-05-22 13:18:37.326308,212.62,P862,Grocery,Debit Card,Loyal
T00197,2024-02-17 11:31:17.326308,205.94,P548,Electronics,Online Payment,Regular
T00198,2024-05-07 05:35:11.326308,648.19,P255,Grocery,Cash,Loyal
T00199,2024-02-12 00:13:12.326308,322.13,P586,Grocery,Debit Card,Regular
T00200,2023-09-16 10:01:14.326308,33.5,P468,Furniture,Debit Card,New
T00201,2024-03-14 01:07:36.326308,600.0,P124,Electronics,Credit Card,New
T00202,2024-01-01 15:20:08.326308,280.69,P186,Furniture,Debit Card,Regular
T00203,2023-10-08 23:24:26.326308,564.7,P158,Electronics,Debit Card,Loyal
T00204,2024-05-30 15:59:55.326308,259.3,P793,Toys,Debit Card,Regular
T00205,2023-11-02 23:05:29.326308,779.91,P383,Clothing,Online Payment,New
T00206,2024-01-07 01:43:02.326308,831.35,P983,Electronics,Credit Card,Regular
T00207,2024-07-07 10:24:15.326308,820.11,P425,Clothing,Cash,Loyal
T00208,2023-12-13 01:20:27.326308,509.92,P878,Clothing,Online Payment,Loyal
T00209,2024-02-20 21:46:46.326308,693.95,P822,Furniture,Debit Card,New
T00210,2023-09-21 08:20:37.326308,119.28,P654,Clothing,Debit Card,Loyal
T00211,2024-05-08 22:12:04.326308,929.01,P842,Toys,Credit Card,New
T00212,2023-09-16 00:16:00.326308,405.23,P622,Furniture,Cash,Regular
T00213,2023-12-30 10:40:04.326308,200.24,P432,Toys,Debit Card,Loyal
T00214,2024-01-10 07:24:11.326308,888.97,P436,Clothing,Online Payment,New
T00215,2023-12-04 00:31:00.326308,82.93,P427,Toys,Online Payment,Regular
T00216,2024-03-06 22:26:16.326308,414.21,P987,Furniture,Credit Card,Loyal
T00217,2023-10-24 00:45:18.326308,103.44,P986,Electronics,Credit Card,Regular
T00218,2024-03-17 19:59:44.326308,815.85,P904,Electronics,Credit Card,Loyal
T00219,2023-09-29 14:25:29.326308,610.15,P399,Clothing,Credit Card,New
T00220,2024-01-27 14:35:36.326308,691.28,P499,Electronics,Credit Card,Loyal
T00221,2024-01-19 21:04:03.326308,191.61,P831,Clothing,Debit Card,New
T00222,2023-10-25 10:49:14.326308,72.25,P485,Electronics,Online Payment,New
T00223,2023-12-09 04:34:17.326308,898.65,P306,Electronics,Online Payment,Regular
T00224,2024-08-12 21:33:00.326308,970.27,P945,Electronics,Online Payment,New
T00225,2023-09-30 21:57:16.326308,160.35,P328,Grocery,Online Payment,Regular
T00226,2023-12-14 12:29:13.326308,130.85,P844,Furniture,Cash,New
T00227,2024-04-03 06:19:28.326308,857.05,P939,Furniture,Cash,Loyal
T00228,2024-05-14 13:05:56.326308,203.46,P901,Toys,Debit Card,Loyal
T00229,2024-01-03 03:23:52.326308,313.6,P527,Clothing,Online Payment,New
T00230,2024-05-27 16:12:05.326308,370.72,P413,Furniture,Cash,Regular
T00231,2024-04-13 04:53:05.326308,653.49,P755,Furniture,Online Payment,New
T00232,2023-10-30 23:18:20.326308,975.4,P969,Clothing,Debit Card,Loyal
T00233,2023-09-01 21:55:07.326308,341.28,P690,Toys,Online Payment,New
T00234,2024-03-27 06:03:55.326308,979.54,P785,Toys,Cash,New
T00235,2023-09-11 17:17:18.326308,60.74,P422,Clothing,Online Payment,Regular
T00236,2024-03-30 21:03:27.326308,502.4,P438,Grocery,Credit Card,Regular
T00237,2024-05-14 15:33:18.326308,341.36,P355,Furniture,Credit Card,Loyal
T00238,2024-04-28 13:02:33.326308,842.26,P715,Electronics,Debit Card,New
T00239,2023-11-03 00:15:57.326308,987.97,P203,Furniture,Cash,New
T00240,2023-08-29 12:49:11.326308,184.97,P134,Electronics,Online Payment,Loyal
T00241,2024-06-21 06:36:21.326308,835.99,P707,Electronics,Online Payment,Loyal
T00242,2024-03-22 22:42:47.326308,812.56,P508,Electronics,Cash,Loyal
T00243,2024-03-16 15:49:13.326308,226.23,P299,Furniture,Credit Card,New
T00244,2024-02-16 08:09:10.326308,779.3,P504,Clothing,Debit Card,Loyal
T00245,2023-09-02 17:50:17.326308,314.44,P726,Grocery,Cash,Regular
T00246,2023-11-09 19:49:59.326308,261.02,P365,Furniture,Credit Card,New
T00247,2024-07-12 08:25:38.326308,382.09,P121,Furniture,Online Payment,Regular
T00248,2024-03-08 02:07:53.326308,290.03,P233,Grocery,Cash,New
T00249,2024-07-04 15:53:35.326308,766.75,P792,Clothing,Online Payment,Regular
T00250,2024-05-11 22:06:06.326308,971.08,P804,Toys,Online Payment,New
T00251,2024-04-17 17:03:30.326308,358.94,P733,Clothing,Debit Card,Loyal
T00252,2024-04-29 23:14:31.326308,257.22,P789,Clothing,Credit Card,New
T00253,2024-01-20 05:03:38.326308,176.55,P454,Furniture,Credit Card,Regular
T00254,2024-04-09 09:30:46.326308,297.59,P535,Furniture,Online Payment,Loyal
T00255,2024-05-01 11:59:27.326308,207.25,P745,Clothing,Cash,New
T00256,2024-04-17 06:37:16.326308,739.68,P340,Grocery,Debit Card,Loyal
T00257,2024-05-04 19:00:45.326308,540.8,P345,Furniture,Cash,New
T00258,2024-07-22 15:42:36.326308,881.69,P416,Electronics,Cash,New
T00259,2024-02-27 15:30:06.326308,315.34,P219,Grocery,Credit Card,Regular
T00260,2023-10-19 15:23:52.326308,711.4,P939,Clothing,Debit Card,Loyal
T00261,2024-02-10 15:25:32.326308,328.08,P252,Toys,Online Payment,New
T00262,2024-03-17 19:22:49.326308,755.41,P118,Electronics,Credit Card,New
T00263,2023-10-20 02:32:38.326308,740.35,P446,Grocery,Credit Card,Loyal
T00264,2023-11-27 11:05:42.326308,899.08,P443,Furniture,Online Payment,New
T00265,2023-12-20 10:00:06.326308,81.26,P640,Grocery,Credit Card,Regular
T00266,2023-12-20 22:49:51.326308,797.81,P130,Furniture,Credit Card,Loyal
T00267,2023-11-25 04:29:21.326308,499.5,P598,Furniture,Online Payment,Loyal
T00268,2023-09-11 17:38:14.326308,559.13,P762,Electronics,Debit Card,Loyal
T00269,2024-03-06 09:38:52.326308,724.88,P299,Electronics,Credit Card,Loyal
T00270,2024-07-06 19:32:29.326308,75.0,P879,Grocery,Debit Card,Regular
T00271,2024-07-03 23:01:07.326308,143.77,P752,Electronics,Cash,Regular
T00272,2023-10-28 17:25:43.326308,501.08,P512,Furniture,Credit Card,New
T00273,2023-12-25 13:19:02.326308,375.09,P178,Furniture,Debit Card,Regular
T00274,2024-06-09 01:21:25.326308,682.8,P603,Grocery,Credit Card,New
T00275,2023-10-18 16:05:37.326308,87.19,P310,Grocery,Cash,Loyal
T00276,2024-03-22 15:55:28.326308,162.24,P805,Grocery,Credit Card,New
T00277,2024-05-02 15:25:59.326308,943.45,P450,Toys,Credit Card,Loyal
T00278,2023-08-24 06:39:36.326308,667.53,P221,Toys,Credit Card,New
T00279,2024-02-09 05:48:10.326308,924.25,P560,Toys,Cash,Loyal
T00280,2024-01-29 01:01:03.326308,61.21,P703,Grocery,Debit Card,Regular
T00281,2023-12-05 16:46:42.326308,477.02,P408,Grocery,Debit Card,New
T00282,2024-06-23 21:32:51.326308,736.4,P284,Electronics,Online Payment,Loyal
T00283,2023-12-20 11:32:30.326308,194.16,P208,Electronics,Cash,Loyal
T00284,2024-07-06 22:47:07.326308,497.22,P537,Grocery,Credit Card,Loyal
T00285,2024-01-26 12:36:15.326308,555.89,P502,Electronics,Credit Card,Regular
T00286,2023-10-20 17:12:50.326308,525.87,P141,Furniture,Cash,Loyal
T00287,2024-05-13 19:59:15.326308,842.86,P977,Furniture,Credit Card,Loyal
T00288,2023-12-15 06:49:33.326308,746.79,P213,Grocery,Online Payment,Loyal
T00289,2023-10-29 04:09:03.326308,619.96,P630,Toys,Online Payment,Regular
T00290,2024-03-25 07:03:12.326308,882.46,P970,Grocery,Cash,Loyal
T00291,2024-08-19 07:54:20.326308,209.11,P670,Clothing,Online Payment,New
T00292,2024-02-29 13:55:44.326308,419.75,P306,Furniture,Cash,New
T00293,2024-05-24 02:49:42.326308,439.49,P898,Toys,Online Payment,Regular
T00294,2024-08-09 22:46:25.326308,543.67,P537,Clothing,Credit Card,New
T00295,2023-11-17 18:48:08.326308,588.87,P804,Clothing,Debit Card,Loyal
T00296,2023-09-02 17:36:22.326308,181.07,P267,Clothing,Debit Card,Regular
T00297,2023-12-20 16:17:11.326308,606.75,P994,Grocery,Cash,New
T00298,2023-10-17 09:04:02.326308,209.56,P198,Furniture,Debit Card,Regular
T00299,2023-12-06 18:11:36.326308,447.48,P344,Toys,Online Payment,Regular
T00300,2024-06-11 01:41:45.326308,991.91,P104,Clothing,Credit Card,Regular
T00301,2024-01-10 21:59:51.326308,740.73,P536,Clothing,Cash,New
T00302,2023-12-15 01:17:31.326308,980.94,P527,Toys,Debit Card,Loyal
T00303,2024-04-10 06:35:31.326308,244.15,P430,Furniture,Cash,Regular
T00304,2024-01-06 10:53:07.326308,919.01,P345,Electronics,Cash,New
T00305,2023-11-11 10:14:20.326308,425.49,P564,Furniture,Credit Card,Regular
T00306,2024-08-08 03:40:28.326308,99.57,P932,Toys,Credit Card,Loyal
T00307,2024-03-14 10:43:07.326308,889.26,P478,Grocery,Credit Card,Regular
T00308,2023-10-19 16:42:32.326308,977.62,P489,Furniture,Debit Card,New
T00309,2024-07-05 05:21:16.326308,783.02,P484,Electronics,Online Payment,New
T00310,2023-11-26 20:47:16.326308,712.65,P589,Toys,Credit Card,Regular
T00311,2024-07-30 20:16:34.326308,978.21,P347,Furniture,Cash,Regular
T00312,2024-03-20 14:24:08.326308,406.45,P268,Furniture,Online Payment,New
T00313,2024-06-21 07:36:17.326308,240.86,P292,Toys,Credit Card,Regular
T00314,2024-01-31 02:49:03.326308,754.23,P545,Clothing,Cash,Regular
T00315,2023-12-13 05:53:32.326308,38.91,P987,Clothing,Cash,Loyal
T00316,2024-01-28 01:56:12.326308,266.3,P232,Furniture,Cash,New
T00317,2023-09-19 01:38:47.326308,108.48,P265,Furniture,Cash,Loyal
T00318,2024-06-23 14:20:05.326308,186.34,P440,Toys,Online Payment,New
T00319,2024-05-28 19:39:22.326308,149.12,P568,Toys,Debit Card,Regular
T00320,2023-11-09 12:44:30.326308,60.76,P360,Electronics,Cash,New
T00321,2024-08-19 08:44:13.326308,71.78,P140,Electronics,Online Payment,New
T00322,2024-01-07 12:55:16.326308,135.89,P476,Electronics,Debit Card,Regular
T00323,2024-08-16 00:53:58.326308,779.17,P479,Furniture,Cash,Loyal
T00324,2024-01-12 06:58:26.326308,858.23,P843,Electronics,Debit Card,New
T00325,2024-02-21 14:50:40.326308,370.71,P301,Electronics,Cash,Regular
T00326,2023-10-05 00:37:00.326308,300.55,P992,Toys,Credit Card,Regular
T00327,2023-12-04 18:59:43.326308,549.46,P198,Toys,Credit Card,New
T00328,2024-02-18 15:55:10.326308,777.7,P161,Toys,Debit Card,Regular
T00329,2024-08-14 13:15:24.326308,971.64,P164,Clothing,Credit Card,Regular
T00330,2024-07-28 04:15:09.326308,915.8,P907,Toys,Debit Card,New
T00331,2024-05-27 23:11:59.326308,76.35,P532,Toys,Online Payment,Regular
T00332,2024-07-20 22:59:25.326308,490.56,P347,Furniture,Cash,New
T00333,2023-12-13 17:02:35.326308,575.15,P285,Toys,Debit Card,Loyal
T00334,2024-06-30 21:06:24.326308,586.63,P497,Clothing,Online Payment,Regular
T00335,2024-01-17 22:10:37.326308,112.47,P608,Grocery,Debit Card,Loyal
T00336,2023-08-31 05:30:27.326308,786.36,P681,Grocery,Credit Card,Loyal
T00337,2024-05-15 15:27:37.326308,833.39,P260,Clothing,Debit Card,New
T00338,2024-04-12 18:13:00.326308,76.61,P439,Grocery,Online Payment,Loyal
T00339,2023-11-04 17:46:33.326308,934.25,P605,Toys,Credit Card,New
T00340,2024-06-29 16:16:03.326308,699.33,P101,Toys,Cash,Loyal
T00341,2024-03-28 13:52:16.326308,923.89,P879,Electronics,Credit Card,Regular
T00342,2024-08-15 16:09:52.326308,344.57,P940,Toys,Credit Card,Loyal
T00343,2024-07-19 18:53:11.326308,992.63,P576,Clothing,Cash,Regular
T00344,2023-12-16 00:01:12.326308,769.55,P598,Grocery,Debit Card,New
T00345,2023-12-08 03:10:00.326308,180.37,P235,Toys,Debit Card,Loyal
T00346,2024-06-29 02:52:27.326308,608.83,P798,Electronics,Online Payment,New
T00347,2024-08-19 07:36:56.326308,732.13,P266,Furniture,Online Payment,New
T00348,2024-04-09 11:03:21.326308,815.79,P259,Electronics,Credit Card,Loyal
T00349,2023-12-12 12:15:52.326308,280.36,P980,Electronics,Credit Card,Regular
T00350,2023-10-26 14:57:29.326308,973.13,P205,Toys,Debit Card,New
T00351,2024-05-03 02:54:11.326308,381.76,P515,Electronics,Credit Card,Regular
T00352,2024-02-22 16:24:16.326308,64.08,P212,Grocery,Cash,Loyal
T00353,2024-02-01 07:57:36.326308,149.83,P883,Furniture,Credit Card,Loyal
T00354,2023-11-04 00:41:54.326308,229.12,P297,Grocery,Cash,New
T00355,2023-12-05 20:03:17.326308,726.26,P794,Grocery,Debit Card,Regular
T00356,2024-01-14 10:26:23.326308,32.79,P541,Clothing,Cash,New
T00357,2023-12-03 07:10:39.326308,227.34,P582,Grocery,Debit Card,Regular
T00358,2023-09-15 02:44:59.326308,777.41,P275,Electronics,Cash,Regular
T00359,2023-09-02 09:09:22.326308,555.19,P477,Grocery,Online Payment,Loyal
T00360,2023-12-20 00:09:56.326308,311.23,P567,Clothing,Cash,New
T00361,2023-11-16 02:01:42.326308,751.48,P869,Furniture,Online Payment,New
T00362,2023-10-16 00:10:47.326308,633.06,P659,Electronics,Debit Card,New
T00363,2024-02-24 22:18:25.326308,853.04,P999,Grocery,Cash,New
T00364,2024-04-24 20:41:23.326308,205.3,P278,Grocery,Credit Card,Loyal
T00365,2023-12-27 17:26:21.326308,319.43,P239,Furniture,Credit Card,Loyal
T00366,2023-09-06 21:15:30.326308,333.52,P257,Grocery,Debit Card,Regular
T00367,2023-11-05 05:31:06.326308,291.28,P260,Grocery,Online Payment,Regular
T00368,2023-12-04 18:26:11.326308,995.63,P216,Furniture,Credit Card,New
T00369,2024-05-16 13:31:46.326308,675.07,P433,Toys,Debit Card,Loyal
T00370,2024-03-31 02:06:24.326308,776.51,P412,Clothing,Credit Card,New
T00371,2023-10-23 02:20:06.326308,274.59,P261,Grocery,Cash,Loyal
T00372,2023-11-18 01:16:53.326308,186.86,P861,Grocery,Online Payment,Loyal
T00373,2024-04-15 19:38:54.326308,576.37,P774,Electronics,Online Payment,Regular
T00374,2024-07-10 22:39:48.326308,198.83,P453,Grocery,Cash,New
T00375,2023-09-11 23:51:06.326308,481.68,P261,Toys,Online Payment,Regular
T00376,2023-09-17 08:18:49.326308,826.58,P553,Electronics,Online Payment,New
T00377,2023-10-04 01:55:44.326308,49.92,P362,Toys,Credit Card,Regular
T00378,2023-08-24 02:53:19.326308,212.62,P297,Clothing,Cash,Loyal
T00379,2023-10-25 03:49:23.326308,592.18,P461,Electronics,Debit Card,New
T00380,2023-10-13 20:13:28.326308,246.31,P149,Clothing,Debit Card,Regular
T00381,2024-05-09 12:03:52.326308,400.37,P866,Clothing,Online Payment,Loyal
T00382,2023-09-06 04:59:09.326308,280.02,P893,Clothing,Cash,New
T00383,2024-07-10 11:42:10.326308,234.81,P811,Clothing,Credit Card,Regular
T00384,2023-09-17 05:04:53.326308,977.67,P121,Furniture,Credit Card,New
T00385,2024-06-10 21:06:21.326308,268.97,P327,Furniture,Debit Card,Regular
T00386,2024-03-10 09:33:38.326308,544.59,P822,Electronics,Debit Card,Regular
T00387,2024-04-28 07:47:01.327827,702.59,P529,Furniture,Credit Card,New
T00388,2024-02-29 23:38:45.327827,782.77,P578,Toys,Debit Card,Regular
T00389,2024-04-13 20:10:10.327827,914.47,P498,Toys,Credit Card,New
T00390,2024-04-20 12:15:10.327827,251.22,P238,Furniture,Online Payment,New
T00391,2024-02-23 13:18:31.327827,50.7,P444,Toys,Online Payment,Regular
T00392,2024-04-26 20:30:48.327827,970.02,P399,Toys,Credit Card,Regular
T00393,2024-03-08 09:57:34.327827,475.55,P532,Electronics,Online Payment,New
T00394,2023-11-13 04:39:21.327827,343.55,P384,Toys,Online Payment,Loyal
T00395,2024-03-03 12:59:00.327827,390.14,P929,Furniture,Debit Card,Loyal
T00396,2023-10-20 10:50:17.327827,413.16,P583,Grocery,Online Payment,Loyal
T00397,2023-11-23 20:30:56.327827,815.99,P712,Toys,Cash,New
T00398,2023-08-22 11:21:17.327827,761.56,P124,Furniture,Credit Card,Loyal
T00399,2024-03-04 15:11:25.327827,740.46,P531,Furniture,Online Payment,Regular
T00400,2023-08-25 10:05:20.327827,503.34,P484,Toys,Debit Card,Loyal
T00401,2024-05-24 15:19:18.327827,623.88,P302,Furniture,Credit Card,Loyal
T00402,2024-03-09 12:06:21.327827,653.11,P704,Clothing,Cash,New
T00403,2024-08-05 02:57:34.327827,295.25,P669,Clothing,Credit Card,New
T00404,2024-06-23 06:18:57.327827,572.26,P917,Grocery,Debit Card,New
T00405,2024-07-13 13:52:22.327827,891.86,P773,Furniture,Online Payment,Regular
T00406,2024-01-19 05:08:39.327827,482.29,P764,Furniture,Credit Card,Loyal
T00407,2023-10-19 06:11:02.327827,593.66,P810,Clothing,Debit Card,Loyal
T00408,2024-04-02 10:32:39.327827,853.84,P264,Clothing,Online Payment,Loyal
T00409,2023-11-04 23:48:51.327827,476.41,P561,Furniture,Cash,New
T00410,2023-10-22 23:30:36.327827,284.46,P917,Grocery,Cash,Loyal
T00411,2024-08-20 06:16:48.327827,471.92,P812,Grocery,Credit Card,Loyal
T00412,2024-07-31 05:26:26.327827,281.71,P966,Clothing,Credit Card,New
T00413,2023-10-29 22:23:17.327827,427.15,P828,Electronics,Credit Card,Loyal
T00414,2024-03-02 16:26:19.327827,94.48,P873,Furniture,Debit Card,Loyal
T00415,2023-10-10 14:00:39.327827,261.22,P845,Toys,Debit Card,Regular
T00416,2024-01-27 12:23:23.327827,723.9,P558,Toys,Debit Card,Regular
T00417,2024-07-11 22:57:50.327827,288.13,P152,Furniture,Cash,Loyal
T00418,2023-12-22 00:30:39.327827,85.03,P293,Grocery,Debit Card,Loyal
T00419,2024-06-27 16:29:12.327827,402.65,P182,Grocery,Online Payment,New
T00420,2024-02-03 07:22:57.327827,625.58,P944,Grocery,Debit Card,Regular
T00421,2024-07-09 13:36:50.327827,574.1,P243,Clothing,Debit Card,New
T00422,2024-06-08 19:24:08.327827,951.49,P476,Grocery,Debit Card,Regular
T00423,2024-04-18 06:28:03.327827,142.17,P865,Clothing,Debit Card,New
T00424,2023-11-07 13:30:53.327827,25.5,P161,Furniture,Credit Card,Regular
T00425,2024-05-29 19:49:08.327827,739.96,P372,Furniture,Debit Card,Regular
T00426,2023-11-15 05:23:45.327827,456.87,P375,Toys,Credit Card,Loyal
T00427,2024-06-22 05:20:33.327827,734.01,P601,Grocery,Cash,Loyal
T00428,2024-02-23 10:01:40.327827,164.17,P619,Clothing,Online Payment,Loyal
T00429,2024-01-25 19:59:05.327827,768.42,P853,Furniture,Credit Card,Regular
T00430,2024-03-09 07:31:56.327827,968.73,P806,Grocery,Debit Card,New
T00431,2024-04-28 05:30:28.327827,632.66,P619,Clothing,Online Payment,New
T00432,2024-07-05 15:40:18.327827,391.0,P556,Grocery,Cash,Loyal
T00433,2023-09-26 11:46:37.327827,905.1,P333,Electronics,Cash,Regular
T00434,2024-04-11 03:25:32.327827,607.31,P936,Electronics,Online Payment,New
T00435,2023-11-04 12:16:45.327827,260.73,P492,Grocery,Debit Card,New
T00436,2023-09-20 22:59:03.327827,819.7,P128,Electronics,Cash,New
T00437,2023-10-30 14:30:21.327827,941.72,P572,Grocery,Debit Card,Regular
T00438,2023-08-25 19:23:21.327827,728.66,P713,Furniture,Online Payment,New
T00439,2023-11-23 17:26:46.327827,741.11,P860,Furniture,Debit Card,New
T00440,2023-08-30 20:28:09.327827,569.99,P882,Furniture,Online Payment,Regular
T00441,2023-10-07 12:44:25.327827,175.42,P961,Toys,Online Payment,Regular
T00442,2024-07-01 17:28:27.327827,704.95,P341,Grocery,Online Payment,Loyal
T00443,2023-10-29 08:37:45.327827,849.68,P328,Grocery,Debit Card,Regular
T00444,2023-09-05 12:19:33.327827,369.29,P921,Toys,Online Payment,Regular
T00445,2023-11-09 10:48:47.327827,712.84,P839,Clothing,Online Payment,Regular
T00446,2023-09-10 23:56:19.327827,645.46,P119,Clothing,Credit Card,Loyal
T00447,2024-05-30 06:01:15.327827,392.09,P548,Grocery,Debit Card,Loyal
T00448,2024-06-01 18:55:15.327827,895.34,P836,Grocery,Debit Card,New
T00449,2024-01-27 08:26:08.327827,457.19,P256,Furniture,Credit Card,Loyal
T00450,2023-08-26 09:28:54.327827,482.77,P742,Toys,Debit Card,Loyal
T00451,2024-04-03 17:51:16.327827,505.06,P177,Toys,Debit Card,Loyal
T00452,2024-01-05 08:43:30.327827,385.92,P494,Clothing,Debit Card,Regular
T00453,2024-03-23 06:03:10.327827,356.12,P944,Grocery,Debit Card,Regular
T00454,2023-10-19 09:24:51.327827,404.45,P802,Clothing,Cash,Loyal
T00455,2023-12-17 23:22:55.327827,483.95,P178,Electronics,Cash,New
T00456,2024-08-08 16:46:31.327827,946.61,P831,Electronics,Online Payment,Loyal
T00457,2024-04-16 08:26:14.327827,153.44,P366,Electronics,Cash,New
T00458,2024-03-17 02:25:27.327827,906.54,P686,Grocery,Credit Card,Regular
T00459,2023-10-02 19:22:53.327827,636.86,P340,Toys,Credit Card,Loyal
T00460,2024-04-26 01:56:39.327827,781.98,P730,Toys,Online Payment,Regular
T00461,2023-11-15 18:18:14.327827,909.25,P506,Grocery,Credit Card,New
T00462,2024-08-16 02:16:14.327827,743.06,P726,Grocery,Cash,New
T00463,2023-11-28 01:55:13.327827,677.1,P341,Clothing,Credit Card,New
T00464,2024-03-19 08:01:20.327827,799.76,P715,Furniture,Credit Card,Regular
T00465,2024-06-15 20:38:44.327827,939.68,P939,Toys,Online Payment,Regular
T00466,2024-07-20 19:35:41.327827,476.32,P113,Clothing,Online Payment,Loyal
T00467,2024-08-02 12:23:54.327827,992.89,P405,Clothing,Debit Card,Regular
T00468,2023-11-04 01:35:09.327827,430.17,P397,Grocery,Cash,New
T00469,2023-12-30 17:20:12.327827,616.63,P453,Clothing,Cash,New
T00470,2024-04-06 02:23:36.327827,233.5,P773,Furniture,Credit Card,Regular
T00471,2024-04-03 00:09:26.327827,956.69,P218,Clothing,Cash,Loyal
T00472,2024-02-21 09:09:05.327827,445.81,P914,Furniture,Online Payment,Regular
T00473,2024-08-16 22:20:48.327827,716.67,P425,Toys,Debit Card,Loyal
T00474,2023-12-24 06:22:09.327827,946.97,P536,Furniture,Cash,Regular
T00475,2024-03-01 17:57:40.327827,818.22,P413,Electronics,Online Payment,Loyal
T00476,2024-06-14 10:54:28.327827,308.02,P396,Electronics,Online Payment,New
T00477,2023-09-01 12:51:25.327827,254.95,P932,Toys,Online Payment,Regular
T00478,2024-05-09 06:05:48.327827,992.95,P308,Toys,Online Payment,Regular
T00479,2024-06-28 00:27:21.327827,452.24,P920,Grocery,Online Payment,Regular
T00480,2023-10-01 00:22:11.327827,162.14,P506,Furniture,Online Payment,Regular
T00481,2024-02-23 09:03:01.327827,794.97,P633,Clothing,Online Payment,New
T00482,2024-03-02 07:17:34.327827,882.31,P946,Toys,Cash,New
T00483,2024-03-23 01:33:28.327827,498.55,P212,Grocery,Debit Card,Regular
T00484,2023-09-21 13:36:40.327827,591.14,P593,Toys,Cash,New
T00485,2024-01-07 10:31:30.327827,899.29,P648,Grocery,Cash,Loyal
T00486,2024-03-19 23:25:36.327827,508.9,P208,Toys,Cash,New
T00487,2023-09-26 22:37:10.327827,738.39,P125,Electronics,Online Payment,Loyal
T00488,2024-02-28 21:06:32.327827,573.29,P907,Furniture,Credit Card,Loyal
T00489,2024-08-03 22:42:23.327827,260.91,P396,Toys,Online Payment,Loyal
T00490,2024-05-08 16:10:11.327827,414.06,P119,Electronics,Online Payment,New
T00491,2024-05-01 00:06:55.327827,55.6,P518,Furniture,Credit Card,Loyal
T00492,2024-02-07 03:26:41.327827,514.59,P431,Electronics,Debit Card,Loyal
T00493,2024-03-29 00:51:34.327827,372.37,P189,Grocery,Online Payment,Loyal
T00494,2024-03-31 20:32:04.327827,724.21,P688,Electronics,Credit Card,New
T00495,2024-02-12 17:56:28.327827,456.77,P447,Grocery,Online Payment,Loyal
T00496,2024-07-29 13:36:46.327827,61.25,P108,Toys,Cash,Regular
T00497,2023-10-26 00:36:25.327827,173.13,P297,Clothing,Debit Card,New
T00498,2024-05-11 11:55:12.327827,451.42,P823,Electronics,Debit Card,Loyal
T00499,2024-01-05 14:31:28.327827,424.41,P329,Toys,Credit Card,New
T00500,2024-02-02 18:50:55.327827,138.11,P504,Electronics,Cash,Loyal
T00501,2024-04-04 11:07:15.327827,330.36,P930,Furniture,Debit Card,Regular
T00502,2023-09-15 13:12:39.327827,349.21,P774,Toys,Credit Card,Loyal
T00503,2024-08-06 00:19:14.327827,337.06,P453,Furniture,Cash,Regular
T00504,2024-07-15 22:39:37.327827,890.71,P827,Electronics,Cash,New
T00505,2023-12-15 02:53:16.327827,693.67,P849,Toys,Credit Card,Regular
T00506,2024-01-03 09:41:39.327827,374.58,P715,Electronics,Cash,New
T00507,2023-11-03 03:04:24.327827,127.92,P743,Electronics,Debit Card,Loyal
T00508,2024-02-01 19:09:12.327827,394.38,P598,Toys,Cash,Regular
T00509,2023-11-16 17:00:50.327827,41.91,P371,Clothing,Online Payment,New
T00510,2023-09-28 18:40:29.327827,119.68,P880,Electronics,Online Payment,Regular
T00511,2024-07-04 18:06:33.327827,588.02,P955,Furniture,Cash,New
T00512,2023-12-12 20:11:10.327827,96.61,P339,Clothing,Cash,New
T00513,2024-01-20 07:33:15.327827,505.3,P896,Clothing,Cash,Regular
T00514,2024-08-21 08:00:16.327827,708.07,P145,Clothing,Credit Card,Loyal
T00515,2024-04-10 00:25:13.327827,49.54,P432,Toys,Credit Card,New
T00516,2023-11-04 08:09:50.327827,663.56,P611,Grocery,Online Payment,Regular
T00517,2024-02-28 23:02:37.327827,12.16,P798,Clothing,Online Payment,Regular
T00518,2023-10-03 02:49:24.327827,339.12,P124,Furniture,Credit Card,New
T00519,2024-03-06 06:53:06.327827,948.71,P607,Furniture,Cash,Loyal
T00520,2024-05-13 13:52:21.327827,552.8,P195,Clothing,Online Payment,Loyal
T00521,2023-10-31 23:48:36.327827,393.27,P361,Electronics,Cash,New
T00522,2023-12-17 23:11:14.327827,793.88,P484,Toys,Debit Card,New
T00523,2023-10-17 07:08:10.327827,692.46,P586,Clothing,Cash,Loyal
T00524,2024-07-06 18:56:51.327827,541.17,P448,Grocery,Credit Card,New
T00525,2024-06-17 00:04:25.327827,647.17,P952,Toys,Credit Card,Regular
T00526,2024-07-16 03:37:05.327827,408.37,P733,Furniture,Credit Card,Loyal
T00527,2023-10-31 08:00:59.327827,876.06,P290,Furniture,Debit Card,Loyal
T00528,2024-03-01 10:48:56.327827,71.07,P829,Electronics,Credit Card,Regular
T00529,2023-08-23 20:11:13.327827,167.66,P765,Clothing,Debit Card,Regular
T00530,2024-03-11 23:26:50.327827,337.29,P457,Clothing,Online Payment,New
T00531,2024-05-24 04:00:40.327827,176.12,P487,Clothing,Debit Card,Regular
T00532,2023-09-16 01:21:36.327827,502.09,P113,Grocery,Cash,Loyal
T00533,2024-07-19 16:23:10.327827,494.7,P272,Electronics,Cash,Loyal
T00534,2024-05-08 11:48:38.327827,219.21,P128,Grocery,Cash,Regular
T00535,2024-04-05 12:09:27.327827,970.79,P644,Grocery,Online Payment,Regular
T00536,2024-03-16 23:41:36.327827,827.87,P331,Clothing,Online Payment,New
T00537,2024-01-10 17:02:40.327827,452.7,P431,Grocery,Online Payment,Regular
T00538,2024-07-12 09:12:13.327827,256.29,P993,Grocery,Online Payment,Loyal
T00539,2024-04-17 08:46:04.327827,200.28,P467,Grocery,Credit Card,Loyal
T00540,2024-07-21 13:48:58.327827,257.16,P535,Grocery,Cash,Loyal
T00541,2024-06-10 08:13:30.327827,655.02,P605,Clothing,Debit Card,New
T00542,2024-03-27 09:58:21.327827,506.94,P264,Furniture,Credit Card,Loyal
T00543,2024-05-21 20:44:22.327827,544.32,P461,Furniture,Credit Card,Loyal
T00544,2023-11-22 01:40:32.327827,530.1,P672,Clothing,Credit Card,Loyal
T00545,2024-05-13 06:58:33.327827,485.36,P472,Grocery,Cash,New
T00546,2023-12-24 07:58:58.327827,834.26,P877,Grocery,Debit Card,Loyal
T00547,2024-05-15 20:18:33.327827,437.3,P108,Furniture,Debit Card,Regular
T00548,2024-03-29 15:43:37.327827,303.59,P228,Furniture,Debit Card,Loyal
T00549,2023-11-14 23:35:59.327827,105.21,P584,Toys,Cash,Loyal
T00550,2024-01-25 07:28:09.327827,244.27,P353,Clothing,Debit Card,Loyal
T00551,2024-03-25 08:28:40.327827,913.27,P570,Toys,Online Payment,Loyal
T00552,2023-10-28 22:25:23.327827,84.74,P136,Toys,Cash,Regular
T00553,2024-06-06 05:12:14.327827,500.06,P137,Toys,Online Payment,Regular
T00554,2024-06-20 00:42:08.327827,71.73,P522,Grocery,Debit Card,New
T00555,2024-01-14 10:06:11.327827,327.06,P132,Clothing,Online Payment,Loyal
T00556,2024-06-05 10:22:02.327827,95.49,P362,Furniture,Online Payment,Regular
T00557,2024-08-19 15:04:24.327827,691.43,P310,Furniture,Debit Card,New
T00558,2023-11-29 22:43:16.327827,753.14,P236,Toys,Credit Card,New
T00559,2024-07-26 07:48:02.327827,341.41,P825,Grocery,Credit Card,Loyal
T00560,2024-01-07 00:02:16.327827,747.97,P736,Clothing,Online Payment,New
T00561,2024-02-24 17:38:28.327827,765.58,P778,Electronics,Credit Card,New
T00562,2024-03-20 17:20:36.327827,551.56,P710,Toys,Cash,New
T00563,2023-12-10 14:11:52.327827,396.98,P956,Electronics,Credit Card,Regular
T00564,2024-02-17 09:26:40.327827,432.05,P435,Clothing,Cash,Regular
T00565,2024-03-03 15:55:33.327827,700.8,P776,Toys,Online Payment,Regular
T00566,2024-02-20 17:03:03.327827,757.08,P492,Furniture,Cash,Regular
T00567,2024-07-11 13:50:04.327827,679.52,P314,Clothing,Debit Card,Loyal
T00568,2023-12-11 00:24:10.327827,759.73,P281,Toys,Debit Card,New
T00569,2024-06-27 07:01:12.327827,955.53,P698,Clothing,Credit Card,New
T00570,2024-04-01 19:16:39.327827,128.57,P283,Clothing,Online Payment,New
T00571,2023-09-04 09:50:04.327827,41.46,P383,Grocery,Cash,New
T00572,2023-09-28 06:26:24.327827,795.13,P698,Toys,Debit Card,New
T00573,2023-11-09 09:41:19.327827,416.9,P692,Clothing,Online Payment,Loyal
T00574,2023-11-10 20:01:43.327827,114.44,P545,Grocery,Cash,Regular
T00575,2024-01-21 05:33:06.327827,209.09,P616,Clothing,Cash,New
T00576,2023-12-11 16:18:34.327827,192.86,P358,Furniture,Credit Card,New
T00577,2023-10-22 21:37:09.327827,563.37,P619,Clothing,Credit Card,Loyal
T00578,2023-10-21 15:26:32.327827,616.75,P663,Furniture,Online Payment,Loyal
T00579,2024-03-08 13:50:24.327827,934.0,P789,Clothing,Debit Card,Regular
T00580,2024-08-15 07:50:55.327827,329.3,P720,Clothing,Online Payment,Loyal
T00581,2024-08-06 06:57:46.327827,586.85,P755,Toys,Debit Card,Loyal
T00582,2024-02-23 03:02:10.327827,389.75,P398,Clothing,Credit Card,Loyal
T00583,2023-12-12 14:48:40.327827,432.44,P339,Electronics,Debit Card,Loyal
T00584,2023-12-06 16:34:51.327827,363.28,P250,Furniture,Debit Card,New
T00585,2024-07-18 14:21:23.327827,241.35,P691,Furniture,Credit Card,Loyal
T00586,2024-05-18 03:24:16.327827,724.74,P376,Electronics,Credit Card,New
T00587,2024-02-16 16:11:51.327827,817.66,P761,Furniture,Debit Card,New
T00588,2024-04-25 18:41:33.327827,311.23,P475,Electronics,Debit Card,New
T00589,2024-07-30 09:00:48.327827,90.54,P966,Electronics,Credit Card,New
T00590,2023-11-26 01:04:30.327827,992.56,P910,Electronics,Debit Card,Regular
T00591,2024-05-30 01:28:22.327827,681.31,P514,Clothing,Debit Card,New
T00592,2024-02-03 05:43:33.327827,939.59,P969,Toys,Online Payment,Loyal
T00593,2024-01-23 19:40:20.327827,637.26,P864,Electronics,Cash,New
T00594,2023-12-15 19:03:37.327827,365.7,P624,Toys,Credit Card,Loyal
T00595,2024-07-31 01:37:37.327827,627.74,P847,Clothing,Online Payment,Regular
T00596,2023-10-06 06:57:01.327827,208.09,P802,Grocery,Debit Card,New
T00597,2023-09-05 14:42:26.327827,761.94,P877,Furniture,Debit Card,Regular
T00598,2024-05-27 01:25:25.327827,693.61,P749,Clothing,Credit Card,Loyal
T00599,2024-08-08 15:19:50.327827,733.98,P632,Clothing,Online Payment,Loyal
T00600,2024-07-19 07:02:56.327827,929.22,P754,Electronics,Debit Card,Loyal
T00601,2024-01-26 19:21:56.327827,819.48,P901,Clothing,Cash,New
T00602,2023-09-15 04:38:10.327827,745.33,P853,Toys,Cash,Loyal
T00603,2024-05-24 04:10:03.327827,926.87,P951,Toys,Credit Card,Regular
T00604,2024-02-10 13:46:34.327827,409.5,P669,Clothing,Credit Card,Regular
T00605,2024-03-15 16:17:14.327827,257.34,P347,Electronics,Credit Card,New
T00606,2024-06-01 23:51:45.327827,317.06,P428,Toys,Debit Card,New
T00607,2023-09-20 07:02:35.327827,62.34,P804,Clothing,Credit Card,Regular
T00608,2023-10-12 08:29:14.327827,652.45,P797,Grocery,Credit Card,Regular
T00609,2023-09-14 09:30:10.327827,153.83,P513,Toys,Cash,Regular
T00610,2023-12-29 01:59:11.327827,45.61,P789,Furniture,Credit Card,Regular
T00611,2024-02-20 20:42:02.327827,846.37,P730,Furniture,Online Payment,New
T00612,2023-10-27 23:30:33.327827,153.19,P502,Grocery,Credit Card,New
T00613,2024-06-22 21:51:00.327827,708.47,P281,Furniture,Debit Card,New
T00614,2023-11-25 14:30:35.327827,487.12,P812,Grocery,Online Payment,New
T00615,2024-02-12 03:08:20.328842,333.34,P763,Furniture,Debit Card,New
T00616,2023-10-29 22:59:59.328842,671.5,P805,Clothing,Credit Card,Regular
T00617,2023-11-09 07:30:31.328842,36.4,P633,Grocery,Credit Card,Regular
T00618,2024-05-25 02:30:31.328842,974.78,P777,Grocery,Credit Card,Loyal
T00619,2023-10-18 10:53:57.328842,363.03,P988,Clothing,Online Payment,Loyal
T00620,2023-11-01 18:04:58.328842,115.65,P531,Toys,Online Payment,Loyal
T00621,2023-12-15 20:46:57.328842,445.09,P477,Electronics,Online Payment,Loyal
T00622,2023-08-27 00:09:51.328842,397.72,P881,Toys,Cash,Regular
T00623,2023-11-18 20:01:05.328842,229.22,P732,Toys,Credit Card,Loyal
T00624,2024-02-04 10:03:06.328842,169.65,P767,Electronics,Credit Card,Regular
T00625,2023-12-09 06:56:09.328842,252.92,P952,Clothing,Cash,Loyal
T00626,2024-03-07 16:15:07.328842,407.87,P452,Clothing,Online Payment,Regular
T00627,2024-05-30 17:29:17.328842,981.56,P726,Furniture,Cash,Loyal
T00628,2024-03-04 09:40:40.328842,997.94,P308,Toys,Debit Card,New
T00629,2024-03-07 16:30:13.328842,419.39,P605,Furniture,Debit Card,Regular
T00630,2024-04-16 05:49:18.328842,272.39,P394,Grocery,Credit Card,Regular
T00631,2023-09-23 20:12:58.328842,524.5,P587,Furniture,Credit Card,Loyal
T00632,2024-05-16 18:49:25.328842,279.39,P865,Clothing,Credit Card,Regular
T00633,2024-01-31 07:13:35.328842,66.6,P787,Electronics,Credit Card,Regular
T00634,2023-12-11 21:06:00.328842,258.01,P352,Electronics,Cash,New
T00635,2023-10-27 12:35:27.328842,826.2,P185,Electronics,Debit Card,Regular
T00636,2023-10-26 10:35:13.328842,288.81,P948,Grocery,Online Payment,Loyal
T00637,2023-09-14 15:56:33.328842,213.77,P799,Electronics,Credit Card,New
T00638,2024-06-23 06:37:44.328842,114.02,P395,Furniture,Debit Card,New
T00639,2024-03-09 14:44:34.328842,299.95,P525,Toys,Credit Card,Loyal
T00640,2023-08-27 21:42:04.328842,160.79,P237,Toys,Online Payment,Regular
T00641,2024-05-14 05:00:53.328842,950.82,P629,Clothing,Online Payment,Regular
T00642,2024-03-14 13:58:07.328842,52.04,P633,Toys,Debit Card,New
T00643,2024-02-09 19:18:19.328842,381.49,P566,Clothing,Cash,New
T00644,2024-01-19 17:10:07.328842,221.05,P545,Grocery,Debit Card,New
T00645,2024-04-16 13:40:17.328842,141.14,P711,Grocery,Cash,New
T00646,2023-12-21 20:06:37.328842,602.58,P902,Grocery,Online Payment,New
T00647,2023-08-24 16:51:57.328842,722.74,P196,Clothing,Online Payment,Loyal
T00648,2024-06-12 09:58:42.328842,588.1,P224,Furniture,Debit Card,Loyal
T00649,2024-02-11 18:00:46.328842,589.34,P721,Furniture,Cash,Regular
T00650,2024-03-05 17:05:11.328842,646.73,P299,Furniture,Debit Card,New
T00651,2023-12-31 04:44:35.328842,396.92,P542,Clothing,Cash,New
T00652,2024-07-02 15:06:37.328842,252.82,P775,Grocery,Credit Card,Regular
T00653,2023-12-24 03:00:56.328842,664.07,P286,Grocery,Debit Card,Loyal
T00654,2024-08-01 06:35:47.328842,593.91,P805,Grocery,Debit Card,Loyal
T00655,2023-10-29 23:05:26.328842,512.86,P176,Grocery,Online Payment,New
T00656,2023-11-22 07:41:57.328842,109.12,P643,Toys,Online Payment,Regular
T00657,2024-03-13 10:51:23.328842,244.81,P934,Clothing,Debit Card,Loyal
T00658,2024-05-18 03:50:27.328842,831.0,P265,Grocery,Online Payment,Loyal
T00659,2024-06-18 06:53:58.328842,573.56,P990,Clothing,Credit Card,New
T00660,2024-03-20 20:18:17.328842,306.71,P587,Furniture,Credit Card,Loyal
T00661,2024-06-24 02:50:23.328842,981.84,P971,Electronics,Credit Card,Regular
T00662,2024-01-14 18:40:10.328842,143.87,P512,Electronics,Cash,Regular
T00663,2024-03-15 22:57:19.328842,230.93,P370,Electronics,Online Payment,Regular
T00664,2024-06-25 13:39:32.328842,216.12,P202,Electronics,Cash,New
T00665,2023-11-17 23:54:48.328842,165.41,P915,Clothing,Cash,Regular
T00666,2024-01-11 00:56:02.328842,272.66,P962,Furniture,Online Payment,Loyal
T00667,2024-07-30 12:47:40.328842,667.21,P931,Toys,Credit Card,Loyal
T00668,2024-07-15 07:53:20.328842,627.51,P970,Furniture,Cash,New
T00669,2023-12-17 05:42:29.328842,874.89,P919,Electronics,Cash,Loyal
T00670,2024-05-11 05:30:24.328842,899.14,P856,Toys,Online Payment,Loyal
T00671,2023-10-26 02:52:20.328842,703.48,P347,Clothing,Cash,New
T00672,2023-08-25 22:46:34.328842,607.88,P853,Clothing,Debit Card,Loyal
T00673,2023-09-22 13:49:55.328842,443.99,P672,Grocery,Debit Card,Regular
T00674,2024-05-30 09:37:32.328842,105.04,P278,Grocery,Credit Card,New
T00675,2023-11-08 18:31:11.328842,974.95,P252,Clothing,Credit Card,Regular
T00676,2023-09-04 23:52:28.328842,308.52,P344,Toys,Debit Card,Loyal
T00677,2024-06-29 12:26:45.328842,275.39,P783,Electronics,Online Payment,Loyal
T00678,2024-03-03 05:31:40.328842,157.23,P556,Furniture,Online Payment,Loyal
T00679,2024-03-19 09:36:32.328842,229.97,P437,Furniture,Debit Card,New
T00680,2024-02-16 11:04:40.328842,753.5,P339,Furniture,Cash,Loyal
T00681,2024-03-04 02:35:17.328842,161.65,P608,Toys,Cash,Loyal
T00682,2024-05-22 04:39:16.328842,748.57,P298,Electronics,Debit Card,New
T00683,2024-08-01 05:49:29.328842,497.72,P430,Clothing,Debit Card,New
T00684,2024-02-18 03:50:22.328842,53.63,P941,Furniture,Credit Card,Loyal
T00685,2024-08-10 03:12:46.328842,323.86,P620,Toys,Credit Card,Loyal
T00686,2024-05-24 13:04:50.328842,447.79,P408,Clothing,Cash,Regular
T00687,2023-12-29 20:29:49.328842,599.19,P206,Electronics,Online Payment,Regular
T00688,2024-07-17 22:22:45.328842,992.83,P649,Grocery,Debit Card,Regular
T00689,2024-06-30 07:04:17.328842,82.72,P551,Clothing,Online Payment,Loyal
T00690,2024-01-06 09:29:34.328842,978.87,P580,Grocery,Credit Card,New
T00691,2024-02-05 08:27:05.328842,897.27,P525,Toys,Online Payment,New
T00692,2024-06-04 22:17:32.328842,200.4,P757,Grocery,Debit Card,New
T00693,2023-12-15 10:15:12.328842,979.6,P590,Toys,Cash,Loyal
T00694,2023-09-27 15:17:14.328842,40.34,P634,Toys,Debit Card,New
T00695,2024-03-12 13:29:31.328842,713.5,P381,Electronics,Credit Card,New
T00696,2024-07-03 03:34:44.328842,765.57,P553,Grocery,Cash,New
T00697,2024-05-29 23:25:50.328842,843.13,P712,Furniture,Online Payment,Loyal
T00698,2023-09-28 09:02:05.328842,980.75,P692,Grocery,Debit Card,Regular
T00699,2024-07-04 11:38:10.328842,382.74,P469,Furniture,Cash,New
T00700,2024-04-05 17:31:22.328842,544.92,P340,Toys,Debit Card,Regular
T00701,2023-11-02 15:54:29.328842,657.74,P451,Grocery,Credit Card,New
T00702,2023-12-27 11:23:26.328842,527.39,P523,Grocery,Credit Card,New
T00703,2024-01-24 11:59:14.328842,423.92,P736,Clothing,Debit Card,New
T00704,2024-06-04 19:28:21.328842,787.37,P377,Electronics,Cash,Regular
T00705,2024-05-12 12:24:12.328842,746.53,P242,Clothing,Credit Card,New
T00706,2024-07-23 10:16:19.328842,524.48,P917,Clothing,Credit Card,Regular
T00707,2023-10-11 13:39:48.328842,691.82,P464,Furniture,Credit Card,Loyal
T00708,2023-12-05 20:13:10.328842,152.25,P965,Toys,Debit Card,New
T00709,2023-10-19 06:39:06.328842,521.69,P946,Grocery,Credit Card,New
T00710,2024-03-30 04:39:14.328842,194.81,P745,Clothing,Cash,New
T00711,2024-03-24 08:05:11.328842,957.18,P148,Toys,Debit Card,New
T00712,2024-07-09 01:22:01.328842,379.91,P766,Furniture,Online Payment,Loyal
T00713,2023-10-05 03:24:27.328842,284.22,P805,Electronics,Credit Card,New
T00714,2024-03-03 10:35:14.328842,767.21,P919,Furniture,Debit Card,Regular
T00715,2024-01-18 14:25:46.328842,938.12,P656,Grocery,Credit Card,Loyal
T00716,2023-11-21 18:29:37.328842,149.51,P719,Electronics,Online Payment,Loyal
T00717,2023-08-22 19:52:18.328842,953.07,P283,Clothing,Cash,Regular
T00718,2024-05-20 05:50:23.328842,436.01,P740,Clothing,Cash,New
T00719,2024-07-30 22:19:34.328842,976.36,P219,Furniture,Cash,Regular
T00720,2024-08-20 16:41:28.328842,328.73,P990,Clothing,Credit Card,New
T00721,2023-11-04 18:56:27.328842,10.99,P884,Furniture,Credit Card,Loyal
T00722,2024-03-07 13:20:14.328842,895.96,P733,Furniture,Credit Card,Loyal
T00723,2024-01-19 06:48:19.328842,841.38,P732,Electronics,Online Payment,Regular
T00724,2023-09-16 06:41:49.328842,999.76,P161,Electronics,Credit Card,Loyal
T00725,2024-07-02 09:51:20.328842,400.72,P488,Clothing,Online Payment,Regular
T00726,2023-12-09 00:50:10.328842,952.63,P483,Toys,Debit Card,Loyal
T00727,2023-10-16 09:53:28.328842,335.62,P986,Electronics,Credit Card,Loyal
T00728,2023-12-31 19:38:44.328842,319.71,P623,Furniture,Credit Card,Regular
T00729,2024-01-16 17:46:58.328842,338.94,P968,Electronics,Online Payment,Regular
T00730,2024-01-15 22:23:29.328842,712.6,P223,Electronics,Online Payment,New
T00731,2024-06-26 13:53:49.328842,412.52,P631,Furniture,Online Payment,New
T00732,2023-10-31 07:01:59.328842,688.36,P165,Grocery,Credit Card,New
T00733,2023-09-25 15:08:12.328842,133.23,P293,Furniture,Debit Card,Loyal
T00734,2024-05-22 13:46:58.328842,643.79,P586,Grocery,Online Payment,Regular
T00735,2024-05-10 03:24:10.328842,591.53,P482,Clothing,Online Payment,New
T00736,2024-06-13 08:15:50.328842,495.94,P581,Electronics,Debit Card,Loyal
T00737,2024-04-05 12:17:31.328842,187.93,P520,Grocery,Cash,Loyal
T00738,2023-12-03 21:29:33.328842,868.61,P778,Electronics,Credit Card,New
T00739,2024-02-19 02:15:35.328842,601.06,P884,Electronics,Online Payment,Loyal
T00740,2024-03-30 02:38:14.328842,422.45,P604,Furniture,Cash,New
T00741,2024-01-10 08:31:15.328842,401.24,P259,Grocery,Debit Card,Regular
T00742,2023-12-31 16:28:35.328842,310.99,P434,Electronics,Debit Card,Loyal
T00743,2024-08-21 19:04:15.328842,186.25,P390,Furniture,Credit Card,Loyal
T00744,2024-02-10 06:53:30.328842,27.03,P101,Toys,Credit Card,Loyal
T00745,2023-11-20 11:43:40.328842,167.55,P628,Furniture,Cash,Regular
T00746,2023-11-30 03:54:49.328842,832.54,P427,Toys,Credit Card,Regular
T00747,2023-11-28 10:41:14.328842,630.37,P550,Grocery,Debit Card,New
T00748,2024-04-10 07:01:04.328842,441.29,P824,Furniture,Online Payment,New
T00749,2024-07-29 11:25:28.328842,835.65,P646,Furniture,Debit Card,Loyal
T00750,2024-07-14 10:45:58.328842,402.38,P938,Toys,Cash,Loyal
T00751,2023-10-13 00:24:43.328842,569.42,P651,Furniture,Debit Card,Loyal
T00752,2024-05-31 09:32:47.328842,766.45,P562,Grocery,Online Payment,Loyal
T00753,2024-03-03 05:42:51.328842,313.53,P779,Clothing,Debit Card,New
T00754,2024-06-16 05:18:13.328842,252.07,P468,Electronics,Credit Card,Regular
T00755,2023-11-27 12:55:40.328842,504.21,P262,Toys,Online Payment,New
T00756,2024-07-21 09:06:39.328842,524.16,P924,Grocery,Debit Card,Loyal
T00757,2024-05-02 11:13:40.328842,95.26,P780,Clothing,Debit Card,New
T00758,2024-04-27 14:44:05.328842,694.75,P281,Furniture,Credit Card,Loyal
T00759,2024-05-31 15:59:30.328842,550.25,P521,Grocery,Credit Card,New
T00760,2023-12-14 22:26:30.328842,99.59,P544,Clothing,Cash,New
T00761,2023-11-09 01:50:53.328842,477.75,P471,Furniture,Online Payment,New
T00762,2024-07-20 17:17:16.328842,741.38,P668,Clothing,Online Payment,New
T00763,2024-02-21 19:08:23.328842,398.51,P125,Toys,Online Payment,Regular
T00764,2024-07-14 02:01:34.328842,365.59,P720,Clothing,Debit Card,Loyal
T00765,2024-01-05 05:42:46.328842,120.47,P839,Clothing,Credit Card,New
T00766,2024-01-21 20:07:42.328842,137.71,P537,Clothing,Debit Card,New
T00767,2024-08-19 08:07:24.328842,964.9,P799,Electronics,Online Payment,Regular
T00768,2023-10-28 04:19:40.328842,289.05,P270,Toys,Cash,Loyal
T00769,2024-05-18 10:15:07.328842,637.95,P805,Clothing,Credit Card,New
T00770,2024-03-29 00:49:03.328842,989.32,P492,Furniture,Online Payment,New
T00771,2023-10-27 17:39:49.328842,649.11,P125,Grocery,Credit Card,Loyal
T00772,2023-11-10 21:14:33.328842,889.35,P358,Furniture,Cash,Regular
T00773,2024-03-12 04:08:31.328842,251.74,P692,Grocery,Credit Card,Regular
T00774,2024-08-01 00:07:16.328842,213.67,P874,Grocery,Debit Card,Regular
T00775,2023-10-31 19:10:49.328842,358.95,P312,Grocery,Online Payment,Loyal
T00776,2024-03-10 08:59:43.328842,269.76,P998,Electronics,Debit Card,Regular
T00777,2023-11-28 00:06:13.328842,337.26,P633,Grocery,Credit Card,New
T00778,2024-08-02 01:57:23.328842,847.52,P883,Clothing,Credit Card,Loyal
T00779,2023-11-23 21:47:36.328842,464.63,P645,Electronics,Debit Card,Loyal
T00780,2024-08-13 09:38:59.328842,506.37,P278,Furniture,Debit Card,Loyal
T00781,2023-10-12 02:19:03.328842,627.94,P317,Toys,Credit Card,Loyal
T00782,2024-02-03 02:01:44.328842,892.32,P402,Toys,Debit Card,Loyal
T00783,2023-11-26 23:36:03.328842,418.9,P557,Grocery,Cash,Regular
T00784,2024-04-24 18:49:41.328842,870.61,P835,Toys,Debit Card,New
T00785,2024-06-06 23:52:26.328842,668.06,P825,Clothing,Debit Card,Loyal
T00786,2023-12-16 14:16:55.328842,600.14,P919,Clothing,Credit Card,New
T00787,2024-03-22 14:07:05.328842,566.1,P498,Clothing,Credit Card,Regular
T00788,2024-05-26 19:50:55.328842,968.51,P715,Grocery,Online Payment,Regular
T00789,2024-08-16 23:29:22.328842,140.27,P877,Furniture,Credit Card,Regular
T00790,2024-07-20 01:32:31.328842,589.33,P978,Electronics,Credit Card,New
T00791,2024-08-02 19:51:32.328842,711.89,P437,Toys,Online Payment,New
T00792,2023-10-16 18:46:33.328842,951.3,P711,Clothing,Credit Card,New
T00793,2023-12-11 15:09:46.328842,318.01,P773,Furniture,Online Payment,New
T00794,2023-12-21 11:11:05.328842,58.12,P893,Toys,Debit Card,New
T00795,2023-09-20 19:43:40.328842,189.31,P615,Grocery,Online Payment,New
T00796,2024-05-23 02:41:38.328842,41.19,P923,Grocery,Debit Card,Loyal
T00797,2023-11-13 11:56:46.328842,509.91,P350,Clothing,Credit Card,New
T00798,2024-05-15 03:48:57.328842,748.9,P991,Electronics,Online Payment,Regular
T00799,2023-10-31 16:58:10.328842,33.38,P232,Electronics,Online Payment,New
T00800,2024-06-17 05:46:47.328842,373.12,P863,Toys,Debit Card,Loyal
T00801,2024-07-17 20:15:32.328842,924.74,P605,Toys,Online Payment,Regular
T00802,2024-01-09 13:12:07.328842,977.34,P487,Furniture,Credit Card,New
T00803,2024-01-17 21:02:46.328842,732.83,P946,Grocery,Credit Card,New
T00804,2024-04-13 11:48:19.328842,475.74,P578,Grocery,Debit Card,New
T00805,2024-07-19 09:53:49.328842,945.23,P301,Furniture,Debit Card,Regular
T00806,2023-10-02 07:45:29.328842,693.7,P443,Grocery,Cash,Regular
T00807,2023-11-11 00:05:23.328842,994.23,P697,Electronics,Debit Card,Regular
T00808,2024-07-25 11:18:34.328842,889.88,P287,Grocery,Debit Card,New
T00809,2024-04-17 20:55:25.328842,570.69,P500,Furniture,Debit Card,Loyal
T00810,2024-05-16 03:56:55.328842,22.24,P654,Furniture,Online Payment,New
T00811,2024-01-03 03:16:59.328842,785.52,P747,Furniture,Credit Card,Loyal
T00812,2023-10-25 16:57:41.328842,438.3,P145,Electronics,Cash,Regular
T00813,2024-02-13 18:45:10.328842,105.27,P332,Toys,Credit Card,Loyal
T00814,2024-06-06 20:49:55.328842,812.43,P107,Clothing,Cash,Regular
T00815,2024-07-24 21:42:12.328842,175.38,P812,Clothing,Credit Card,New
T00816,2024-05-20 20:28:23.328842,347.41,P453,Grocery,Online Payment,New
T00817,2024-07-30 19:44:04.328842,857.32,P918,Grocery,Online Payment,New
T00818,2024-05-28 04:31:43.328842,171.81,P426,Clothing,Online Payment,New
T00819,2024-06-25 07:02:03.328842,693.78,P350,Clothing,Credit Card,New
T00820,2024-04-15 20:14:54.328842,101.59,P623,Furniture,Online Payment,New
T00821,2023-09-18 03:52:32.328842,201.2,P692,Clothing,Cash,New
T00822,2024-06-04 13:05:51.328842,280.24,P951,Clothing,Online Payment,New
T00823,2024-05-11 12:22:47.328842,16.71,P137,Clothing,Online Payment,Regular
T00824,2024-06-21 07:30:06.328842,150.97,P297,Toys,Online Payment,New
T00825,2024-02-17 12:55:08.328842,965.73,P314,Grocery,Credit Card,New
T00826,2024-08-06 11:25:56.328842,361.68,P946,Grocery,Debit Card,Loyal
T00827,2023-11-28 17:19:03.328842,589.65,P422,Toys,Online Payment,New
T00828,2024-08-18 11:11:56.328842,242.07,P294,Furniture,Cash,Loyal
T00829,2024-03-06 12:49:35.328842,845.24,P908,Electronics,Credit Card,Regular
T00830,2024-03-18 05:57:57.328842,658.75,P160,Electronics,Online Payment,New
T00831,2024-02-02 15:21:50.328842,431.84,P217,Grocery,Online Payment,Regular
T00832,2023-12-29 09:24:59.328842,12.9,P833,Toys,Cash,Loyal
T00833,2024-03-03 17:43:43.328842,796.72,P416,Grocery,Credit Card,Loyal
T00834,2023-11-05 18:09:03.328842,263.45,P502,Toys,Cash,New
T00835,2024-03-23 09:48:11.328842,516.96,P261,Electronics,Online Payment,Regular
T00836,2023-12-15 08:51:18.328842,751.98,P775,Toys,Online Payment,Loyal
T00837,2024-06-22 08:37:26.328842,211.03,P198,Clothing,Online Payment,New
T00838,2024-05-12 14:35:59.328842,57.08,P531,Clothing,Credit Card,Loyal
T00839,2024-08-13 08:08:29.328842,544.17,P247,Electronics,Online Payment,Regular
T00840,2023-12-05 16:42:08.328842,185.54,P782,Toys,Debit Card,Regular
T00841,2023-10-27 00:52:47.328842,865.25,P718,Grocery,Debit Card,Loyal
T00842,2024-06-23 19:17:23.328842,269.96,P679,Grocery,Online Payment,New
T00843,2024-04-26 01:31:31.328842,864.05,P883,Electronics,Cash,Regular
T00844,2024-04-15 23:29:02.328842,286.14,P580,Clothing,Credit Card,Loyal
T00845,2024-07-10 22:11:38.328842,152.84,P197,Electronics,Online Payment,Loyal
T00846,2024-03-18 11:34:25.328842,578.16,P989,Toys,Debit Card,Loyal
T00847,2024-01-10 14:19:35.328842,948.13,P802,Electronics,Credit Card,Regular
T00848,2024-07-06 09:53:48.328842,206.59,P793,Electronics,Cash,Regular
T00849,2023-10-25 17:33:53.328842,277.5,P889,Furniture,Debit Card,Loyal
T00850,2024-06-14 20:46:03.328842,842.77,P971,Clothing,Cash,New
T00851,2023-12-28 14:25:49.328842,867.82,P671,Grocery,Cash,New
T00852,2024-04-01 18:56:10.328842,862.21,P819,Toys,Debit Card,Regular
T00853,2023-12-17 06:34:31.328842,251.21,P167,Clothing,Debit Card,New
T00854,2024-06-03 03:28:00.328842,945.17,P739,Grocery,Debit Card,Regular
T00855,2024-06-28 07:59:23.328842,877.11,P468,Clothing,Debit Card,New
T00856,2023-12-28 08:03:42.328842,375.87,P497,Furniture,Debit Card,New
T00857,2024-08-08 16:13:56.328842,504.36,P945,Electronics,Cash,New
T00858,2024-05-23 00:16:36.328842,484.0,P821,Clothing,Cash,New
T00859,2024-06-27 10:40:48.328842,927.05,P241,Clothing,Credit Card,New
T00860,2024-02-22 11:18:21.329839,276.27,P640,Electronics,Credit Card,Loyal
T00861,2024-01-23 06:23:14.329839,938.8,P974,Electronics,Debit Card,Regular
T00862,2024-08-18 10:09:25.329839,591.95,P679,Electronics,Online Payment,Loyal
T00863,2024-03-30 19:39:16.329839,447.84,P821,Electronics,Online Payment,Regular
T00864,2024-04-13 02:12:32.329839,941.81,P767,Electronics,Cash,New
T00865,2024-01-04 06:27:10.329839,103.99,P423,Furniture,Online Payment,Regular
T00866,2024-03-31 11:46:17.329839,472.48,P558,Grocery,Cash,New
T00867,2023-08-30 19:18:44.329839,106.35,P199,Clothing,Online Payment,Regular
T00868,2024-05-12 05:32:18.329839,810.97,P617,Grocery,Debit Card,Regular
T00869,2024-06-25 17:13:40.329839,525.94,P459,Toys,Cash,New
T00870,2024-01-23 19:31:14.329839,553.45,P382,Furniture,Cash,Loyal
T00871,2024-05-26 22:30:50.329839,27.17,P663,Electronics,Credit Card,Regular
T00872,2024-06-08 02:31:01.329839,406.96,P642,Grocery,Debit Card,Regular
T00873,2024-01-06 18:05:31.329839,684.43,P485,Clothing,Debit Card,Loyal
T00874,2024-06-17 17:08:41.329839,338.11,P211,Clothing,Debit Card,Regular
T00875,2023-10-31 23:12:59.329839,900.1,P645,Furniture,Cash,Regular
T00876,2024-03-30 15:12:19.329839,698.12,P895,Electronics,Cash,Regular
T00877,2023-12-03 14:46:54.329839,979.53,P497,Toys,Cash,Loyal
T00878,2023-08-28 06:08:05.329839,417.21,P894,Clothing,Online Payment,New
T00879,2024-07-31 12:38:12.329839,362.87,P739,Clothing,Debit Card,Regular
T00880,2024-04-13 21:41:48.329839,190.03,P910,Furniture,Credit Card,Loyal
T00881,2024-02-04 17:51:43.329839,157.5,P358,Clothing,Online Payment,New
T00882,2024-02-12 21:21:05.329839,637.6,P503,Clothing,Online Payment,Regular
T00883,2024-04-19 14:02:29.329839,773.29,P760,Furniture,Online Payment,New
T00884,2024-04-25 08:43:50.329839,22.68,P630,Grocery,Cash,Loyal
T00885,2024-05-15 21:30:44.329839,998.55,P254,Electronics,Credit Card,New
T00886,2023-09-02 11:12:04.329839,134.79,P216,Toys,Cash,Loyal
T00887,2024-04-09 21:28:52.329839,670.41,P387,Furniture,Cash,New
T00888,2024-07-14 08:01:28.329839,407.65,P946,Grocery,Debit Card,New
T00889,2024-04-27 07:23:06.329839,599.48,P396,Electronics,Online Payment,Loyal
T00890,2024-08-03 23:36:29.329839,614.63,P741,Electronics,Cash,Regular
T00891,2023-09-05 02:59:52.329839,371.97,P350,Clothing,Debit Card,Regular
T00892,2024-07-08 18:06:44.329839,878.61,P290,Clothing,Cash,Regular
T00893,2023-08-28 01:07:48.329839,326.68,P915,Electronics,Online Payment,Regular
T00894,2024-08-16 21:23:06.329839,302.48,P131,Furniture,Online Payment,Loyal
T00895,2024-02-20 05:57:17.329839,983.01,P722,Grocery,Debit Card,Regular
T00896,2024-05-31 14:39:27.329839,551.45,P828,Clothing,Cash,New
T00897,2024-07-26 07:13:39.329839,516.03,P155,Clothing,Debit Card,Loyal
T00898,2024-05-30 10:49:32.329839,438.82,P582,Grocery,Cash,Loyal
T00899,2024-02-24 23:59:59.329839,529.95,P900,Toys,Online Payment,Loyal
T00900,2024-03-05 19:07:03.329839,991.22,P776,Toys,Debit Card,Regular
T00901,2024-06-26 09:09:06.329839,516.08,P738,Furniture,Debit Card,Regular
T00902,2024-05-29 10:25:18.329839,493.38,P992,Grocery,Credit Card,New
T00903,2024-02-11 04:04:50.329839,490.27,P910,Clothing,Credit Card,Regular
T00904,2024-05-31 23:58:25.329839,471.0,P519,Furniture,Debit Card,Regular
T00905,2024-07-22 14:58:56.329839,616.56,P680,Electronics,Debit Card,Loyal
T00906,2023-12-12 06:15:55.329839,840.0,P868,Electronics,Credit Card,New
T00907,2024-03-15 10:25:06.329839,37.44,P350,Clothing,Credit Card,Regular
T00908,2024-03-02 17:05:19.329839,448.79,P363,Grocery,Debit Card,Loyal
T00909,2024-08-18 00:32:19.329839,339.23,P185,Furniture,Cash,Regular
T00910,2023-09-11 02:34:25.329839,113.91,P532,Furniture,Debit Card,Regular
T00911,2024-07-20 09:40:13.329839,209.28,P337,Toys,Cash,Regular
T00912,2023-10-27 04:22:42.329839,678.46,P502,Toys,Debit Card,Regular
T00913,2023-09-17 08:28:33.329839,357.99,P261,Toys,Cash,Loyal
T00914,2024-08-06 23:40:42.329839,67.76,P782,Electronics,Cash,Loyal
T00915,2023-12-15 04:55:16.329839,132.69,P749,Grocery,Cash,Loyal
T00916,2023-09-30 02:22:21.329839,525.28,P518,Furniture,Online Payment,Loyal
T00917,2023-10-11 15:03:36.329839,969.74,P367,Toys,Credit Card,New
T00918,2024-03-24 23:39:39.329839,799.37,P959,Grocery,Online Payment,Regular
T00919,2024-05-07 03:08:10.329839,191.64,P653,Electronics,Debit Card,Regular
T00920,2023-10-23 00:39:09.329839,105.52,P536,Clothing,Credit Card,Loyal
T00921,2023-09-21 13:31:12.329839,53.3,P441,Electronics,Cash,Regular
T00922,2024-03-20 08:52:44.329839,910.11,P936,Grocery,Credit Card,New
T00923,2023-08-28 20:23:41.329839,731.94,P257,Furniture,Credit Card,Regular
T00924,2024-02-05 03:29:42.329839,641.69,P357,Grocery,Debit Card,Loyal
T00925,2024-06-24 23:59:52.329839,480.67,P385,Grocery,Credit Card,Loyal
T00926,2024-05-22 13:59:52.329839,116.85,P803,Furniture,Credit Card,Regular
T00927,2023-09-11 18:35:41.329839,39.97,P245,Furniture,Debit Card,Loyal
T00928,2023-10-13 06:40:00.329839,40.6,P996,Clothing,Credit Card,New
T00929,2024-05-06 10:51:52.329839,901.14,P327,Electronics,Cash,New
T00930,2024-01-10 09:49:20.329839,87.04,P651,Clothing,Cash,New
T00931,2023-10-20 11:22:52.329839,478.32,P266,Clothing,Credit Card,Regular
T00932,2024-06-10 20:04:15.329839,708.12,P342,Furniture,Online Payment,Regular
T00933,2024-01-20 21:09:02.329839,834.59,P550,Electronics,Credit Card,Regular
T00934,2023-12-29 06:57:35.329839,830.32,P617,Furniture,Credit Card,Loyal
T00935,2023-10-09 18:14:03.329839,266.63,P962,Clothing,Debit Card,Regular
T00936,2024-01-30 11:58:02.329839,414.95,P888,Grocery,Debit Card,Regular
T00937,2024-01-14 23:35:55.329839,822.99,P816,Toys,Debit Card,Loyal
T00938,2023-12-16 23:19:05.329839,802.12,P384,Grocery,Online Payment,Loyal
T00939,2023-09-09 09:26:04.329839,918.47,P954,Grocery,Online Payment,New
T00940,2024-01-23 18:13:01.329839,796.93,P196,Toys,Cash,Regular
T00941,2023-08-28 23:56:59.329839,211.94,P590,Grocery,Credit Card,Loyal
T00942,2024-07-01 06:16:33.329839,853.76,P402,Clothing,Cash,New
T00943,2023-12-09 16:15:37.329839,376.49,P551,Grocery,Credit Card,New
T00944,2024-08-10 06:29:15.329839,547.67,P216,Grocery,Debit Card,New
T00945,2024-04-26 00:52:00.329839,607.82,P776,Clothing,Credit Card,Regular
T00946,2024-08-15 13:50:54.329839,650.98,P882,Electronics,Online Payment,Regular
T00947,2024-08-14 04:34:13.329839,124.47,P758,Electronics,Cash,Loyal
T00948,2023-12-06 07:26:53.329839,567.88,P295,Toys,Debit Card,New
T00949,2023-10-08 07:28:24.329839,999.04,P457,Toys,Cash,Regular
T00950,2024-03-01 07:40:37.329839,850.66,P301,Furniture,Credit Card,New
T00951,2024-04-24 19:47:22.329839,75.14,P183,Toys,Credit Card,New
T00952,2024-07-13 10:49:49.329839,327.89,P132,Furniture,Cash,Regular
T00953,2024-04-09 22:44:43.329839,535.05,P395,Grocery,Online Payment,New
T00954,2024-06-29 10:09:02.329839,695.81,P128,Grocery,Online Payment,New
T00955,2023-12-21 22:53:12.329839,401.22,P681,Toys,Cash,New
T00956,2024-02-13 02:00:13.329839,697.42,P498,Toys,Online Payment,New
T00957,2024-07-11 21:50:43.329839,471.69,P217,Toys,Debit Card,Loyal
T00958,2024-06-30 03:45:54.329839,620.93,P443,Furniture,Debit Card,Regular
T00959,2024-02-17 16:12:55.329839,18.59,P574,Electronics,Online Payment,New
T00960,2024-05-29 06:36:33.329839,387.76,P988,Furniture,Credit Card,Loyal
T00961,2023-10-03 15:54:18.329839,410.41,P995,Furniture,Debit Card,New
T00962,2023-12-25 02:30:57.329839,260.82,P203,Toys,Credit Card,New
T00963,2023-12-15 20:51:09.329839,760.82,P767,Clothing,Cash,New
T00964,2024-03-29 21:08:50.329839,660.62,P785,Grocery,Online Payment,New
T00965,2024-02-25 17:35:54.329839,590.06,P725,Electronics,Online Payment,New
T00966,2024-01-21 09:33:18.329839,126.62,P400,Electronics,Online Payment,Loyal
T00967,2024-05-27 01:56:48.329839,416.07,P811,Grocery,Online Payment,Regular
T00968,2024-04-09 23:50:03.329839,932.96,P257,Clothing,Online Payment,Regular
T00969,2024-08-01 07:57:37.329839,876.86,P719,Furniture,Cash,New
T00970,2024-07-17 16:00:48.329839,950.68,P232,Toys,Credit Card,Regular
T00971,2024-05-25 19:33:29.329839,348.07,P280,Furniture,Online Payment,Loyal
T00972,2024-04-09 15:40:09.329839,778.63,P980,Electronics,Debit Card,Regular
T00973,2024-07-01 02:41:07.329839,502.45,P162,Furniture,Debit Card,Regular
T00974,2024-01-07 11:06:49.329839,600.79,P854,Electronics,Debit Card,New
T00975,2024-06-22 11:14:03.329839,703.51,P750,Grocery,Credit Card,New
T00976,2023-10-23 06:11:53.329839,173.48,P769,Clothing,Online Payment,New
T00977,2024-04-13 12:07:36.329839,800.2,P906,Grocery,Debit Card,Regular
T00978,2024-03-06 01:19:20.329839,231.4,P638,Toys,Cash,New
T00979,2024-07-29 04:22:07.329839,696.19,P719,Furniture,Debit Card,Loyal
T00980,2024-04-14 00:22:46.329839,531.48,P828,Clothing,Cash,Regular
T00981,2024-01-08 21:50:42.329839,706.13,P846,Clothing,Online Payment,New
T00982,2024-07-04 04:25:51.329839,201.28,P744,Grocery,Cash,Loyal
T00983,2024-01-22 23:23:05.329839,962.72,P131,Furniture,Cash,Regular
T00984,2024-06-20 04:46:24.329839,393.21,P667,Furniture,Cash,Loyal
T00985,2024-07-30 05:06:46.329839,713.02,P688,Toys,Credit Card,Regular
T00986,2024-07-31 14:11:32.329839,50.11,P133,Clothing,Credit Card,Loyal
T00987,2024-07-26 15:46:15.329839,501.63,P671,Clothing,Cash,New
T00988,2024-03-11 03:12:59.329839,200.58,P989,Grocery,Debit Card,New
T00989,2024-04-26 07:56:49.329839,94.67,P665,Clothing,Online Payment,Loyal
T00990,2023-12-06 04:39:22.329839,47.77,P450,Clothing,Online Payment,Loyal
T00991,2023-11-11 23:25:14.329839,762.01,P723,Toys,Debit Card,New
T00992,2024-03-06 09:37:25.329839,650.35,P279,Furniture,Online Payment,Regular
T00993,2023-10-24 14:41:56.329839,524.01,P317,Grocery,Online Payment,New
T00994,2024-03-18 14:39:17.329839,713.41,P939,Toys,Cash,New
T00995,2023-10-31 11:41:53.329839,879.71,P590,Furniture,Debit Card,Regular
T00996,2023-12-13 03:20:49.329839,433.3,P581,Grocery,Debit Card,Loyal
T00997,2023-10-12 09:31:55.329839,949.02,P125,Grocery,Debit Card,Regular
T00998,2023-11-07 18:39:23.329839,694.26,P924,Grocery,Debit Card,New
T00999,2024-01-24 14:51:44.329839,287.98,P520,Furniture,Credit Card,New
T01000,2024-08-05 03:09:18.329839,188.48,P872,Electronics,Credit Card,Loyal
