Transaction ID,Date and Time,Value,Product Code,Product Name,Product Category,Product Cost,Profit,Payment Method,Customer Segment
T00001,2024-07-02 15:03:20.284783,485.42,P432,Toy Car,Toys,130.16,355.26,Online Payment,New
T00002,2023-09-14 07:46:17.284783,251.32,P253,Sofa,Electronics,228.29,23.03,Online Payment,Regular
T00003,2023-11-18 05:11:54.284783,995.08,P990,Laptop,Clothing,10.89,984.19,Online Payment,Loyal
T00004,2024-01-22 03:37:24.284783,607.42,P638,Toy Car,Clothing,759.04,-151.62,Online Payment,New
T00005,2023-11-23 15:54:22.284783,271.16,P792,Toy Car,Furniture,425.44,-154.28,Online Payment,Loyal
T00006,2024-01-21 13:02:01.284783,580.79,P634,Laptop,Electronics,73.69,507.1,Cash,Regular
T00007,2024-07-02 22:05:55.284783,450.35,P208,Sofa,Electronics,724.82,-274.47,Debit Card,Regular
T00008,2023-11-29 06:18:59.284783,120.2,P611,Sofa,Furniture,28.5,91.7,Credit Card,Loyal
T00009,2024-07-15 21:44:12.284783,398.07,P390,Laptop,Grocery,532.39,-134.32,Debit Card,New
T00010,2024-08-06 01:39:44.284783,174.77,P783,Sofa,Clothing,603.0,-428.23,Cash,Loyal
T00011,2024-06-24 09:52:25.284783,944.46,P707,Sofa,Electronics,626.15,318.31,Online Payment,New
T00012,2024-02-01 04:03:43.284783,270.33,P304,Laptop,Toys,277.17,-6.84,Cash,Regular
T00013,2024-04-13 10:14:21.284783,23.45,P962,Apple,Toys,561.83,-538.38,Online Payment,Loyal
T00014,2023-12-22 01:05:29.284783,997.17,P713,Toy Car,Toys,508.47,488.7,Cash,Regular
T00015,2024-05-26 17:18:56.284783,545.48,P553,Laptop,Clothing,428.64,116.84,Online Payment,Regular
T00016,2024-07-24 00:42:44.284783,544.43,P422,Toy Car,Furniture,155.09,389.34,Debit Card,New
T00017,2024-03-31 13:47:23.284783,904.46,P134,Sofa,Furniture,162.26,742.2,Debit Card,Regular
T00018,2024-03-30 17:24:13.284783,838.6,P655,Shirt,Furniture,247.12,591.48,Cash,Regular
T00019,2024-06-28 02:39:30.284783,98.4,P679,Sofa,Furniture,369.38,-270.98,Online Payment,Regular
T00020,2024-08-10 09:01:05.284783,906.88,P146,Toy Car,Grocery,561.59,345.29,Debit Card,Regular
T00021,2024-04-26 00:30:38.284783,740.24,P742,Apple,Grocery,206.07,534.17,Credit Card,Regular
T00022,2024-05-10 16:08:59.284783,66.65,P279,Toy Car,Toys,402.18,-335.53,Debit Card,Regular
T00023,2023-12-31 09:01:40.284783,990.26,P195,Apple,Clothing,174.4,815.86,Credit Card,New
T00024,2024-03-27 00:19:01.284783,431.28,P596,Toy Car,Electronics,291.1,140.18,Cash,New
T00025,2024-07-07 09:07:54.284783,556.61,P170,Laptop,Electronics,470.14,86.47,Online Payment,Regular
T00026,2023-10-20 22:24:50.284783,994.15,P440,Sofa,Grocery,476.26,517.89,Credit Card,Loyal
T00027,2024-03-06 22:13:24.284783,314.52,P846,Shirt,Clothing,698.63,-384.11,Cash,Regular
T00028,2024-04-15 00:45:40.284783,948.05,P999,Shirt,Grocery,192.37,755.68,Credit Card,Loyal
T00029,2024-02-04 18:43:23.284783,816.29,P410,Sofa,Furniture,383.57,432.72,Debit Card,New
T00030,2023-09-24 00:24:29.284783,133.69,P935,Toy Car,Furniture,429.69,-296.0,Credit Card,Regular
T00031,2024-02-27 03:50:53.284783,317.2,P243,Shirt,Electronics,137.74,179.46,Debit Card,Regular
T00032,2024-03-26 22:08:53.284783,818.76,P200,Toy Car,Clothing,172.77,645.99,Online Payment,Loyal
T00033,2023-10-17 18:42:32.284783,262.23,P855,Toy Car,Furniture,581.73,-319.5,Credit Card,New
T00034,2024-04-21 03:24:19.284783,253.53,P534,Toy Car,Furniture,726.23,-472.7,Online Payment,Loyal
T00035,2023-09-29 06:12:02.284783,126.26,P920,Shirt,Toys,88.1,38.16,Credit Card,Loyal
T00036,2023-10-23 07:06:19.284783,533.75,P186,Laptop,Furniture,574.6,-40.85,Credit Card,Regular
T00037,2024-05-11 19:15:57.284783,752.0,P832,Laptop,Clothing,432.71,319.29,Cash,New
T00038,2024-06-01 10:41:50.284783,796.3,P703,Toy Car,Clothing,568.13,228.17,Online Payment,Loyal
T00039,2024-01-25 10:22:56.284783,291.25,P113,Sofa,Toys,182.25,109.0,Online Payment,Loyal
T00040,2023-12-07 08:39:39.284783,55.27,P721,Apple,Electronics,285.05,-229.78,Cash,New
T00041,2024-07-28 15:48:38.284783,267.09,P677,Apple,Electronics,426.67,-159.58,Credit Card,Loyal
T00042,2024-07-31 21:12:52.284783,538.91,P544,Toy Car,Grocery,227.15,311.76,Debit Card,Loyal
T00043,2024-07-02 07:08:43.284783,819.71,P161,Toy Car,Furniture,27.84,791.87,Online Payment,Regular
T00044,2023-08-30 19:13:14.284783,981.34,P111,Shirt,Electronics,686.29,295.05,Online Payment,New
T00045,2024-02-04 00:50:59.284783,724.36,P278,Laptop,Grocery,372.88,351.48,Debit Card,New
T00046,2023-08-29 02:51:51.284783,88.41,P820,Laptop,Clothing,683.64,-595.23,Credit Card,New
T00047,2024-07-06 13:57:37.284783,730.64,P138,Laptop,Grocery,147.02,583.62,Credit Card,Loyal
T00048,2023-12-28 05:39:10.284783,690.79,P821,Laptop,Electronics,73.24,617.55,Online Payment,New
T00049,2023-10-19 18:56:49.284783,119.6,P934,Apple,Electronics,235.56,-115.96,Credit Card,New
T00050,2024-08-12 12:30:35.284783,729.74,P711,Sofa,Clothing,490.2,239.54,Online Payment,Loyal
T00051,2023-11-29 20:49:16.284783,727.48,P374,Toy Car,Furniture,620.97,106.51,Online Payment,Regular
T00052,2024-01-21 04:26:10.284783,87.33,P150,Laptop,Electronics,383.18,-295.85,Debit Card,Loyal
T00053,2023-09-29 14:00:08.284783,464.1,P752,Shirt,Clothing,342.18,121.92,Cash,Loyal
T00054,2023-11-04 04:07:28.284783,416.74,P648,Laptop,Toys,476.24,-59.5,Debit Card,Loyal
T00055,2024-02-18 18:04:40.284783,68.67,P580,Shirt,Furniture,718.6,-649.93,Debit Card,Loyal
T00056,2024-01-15 00:05:22.284783,33.66,P557,Shirt,Clothing,685.03,-651.37,Online Payment,Loyal
T00057,2024-06-11 09:52:56.284783,395.9,P455,Shirt,Furniture,291.39,104.51,Credit Card,Regular
T00058,2024-03-22 23:50:31.284783,959.04,P560,Shirt,Toys,641.73,317.31,Cash,Regular
T00059,2024-04-26 04:15:20.284783,211.33,P605,Sofa,Toys,101.7,109.63,Cash,Loyal
T00060,2024-05-14 12:23:08.284783,339.11,P431,Shirt,Electronics,739.39,-400.28,Debit Card,Regular
T00061,2024-02-11 05:28:51.284783,162.99,P907,Apple,Clothing,704.9,-541.91,Cash,New
T00062,2024-01-14 04:03:09.284783,506.47,P980,Apple,Furniture,458.56,47.91,Debit Card,Regular
T00063,2023-09-28 15:02:01.284783,217.26,P712,Sofa,Clothing,33.06,184.2,Cash,Regular
T00064,2024-07-18 22:44:02.284783,812.36,P335,Laptop,Grocery,238.34,574.02,Cash,Regular
T00065,2024-02-26 09:40:03.284783,100.26,P243,Shirt,Grocery,29.4,70.86,Debit Card,Loyal
T00066,2024-04-14 10:00:21.284783,112.91,P560,Sofa,Electronics,432.42,-319.51,Cash,Regular
T00067,2024-01-10 04:20:45.284783,939.82,P391,Sofa,Toys,458.89,480.93,Online Payment,Loyal
T00068,2024-01-24 20:45:55.284783,398.99,P226,Laptop,Furniture,682.74,-283.75,Credit Card,Loyal
T00069,2023-11-05 12:13:31.284783,982.11,P445,Shirt,Grocery,480.33,501.78,Cash,Regular
T00070,2024-03-13 08:58:24.284783,90.65,P256,Apple,Clothing,113.82,-23.17,Credit Card,New
T00071,2024-05-08 22:25:35.284783,261.39,P137,Apple,Furniture,735.49,-474.1,Debit Card,Loyal
T00072,2023-09-22 00:45:26.284783,446.72,P761,Toy Car,Furniture,401.01,45.71,Debit Card,Regular
T00073,2024-02-02 13:49:35.285788,209.7,P495,Apple,Furniture,352.6,-142.9,Credit Card,Loyal
T00074,2024-02-02 10:50:47.285788,944.09,P113,Sofa,Electronics,481.87,462.22,Cash,Regular
T00075,2024-02-24 12:50:14.285788,309.06,P540,Apple,Grocery,518.45,-209.39,Online Payment,New
T00076,2023-12-25 22:16:37.285788,234.95,P895,Apple,Furniture,689.62,-454.67,Debit Card,New
T00077,2023-09-21 11:54:05.285788,916.62,P386,Laptop,Furniture,81.94,834.68,Debit Card,New
T00078,2024-02-09 07:02:46.285788,503.61,P867,Laptop,Toys,740.31,-236.7,Online Payment,Loyal
T00079,2023-12-19 07:06:03.285788,454.74,P429,Shirt,Electronics,53.55,401.19,Cash,Regular
T00080,2024-01-28 00:38:00.285788,272.22,P530,Apple,Grocery,390.7,-118.48,Debit Card,Loyal
T00081,2024-03-13 11:32:00.285788,64.71,P592,Toy Car,Furniture,260.52,-195.81,Cash,Regular
T00082,2023-10-11 21:51:08.285788,683.14,P249,Sofa,Grocery,142.3,540.84,Online Payment,New
T00083,2024-07-18 15:46:00.285788,466.9,P685,Shirt,Clothing,390.02,76.88,Credit Card,Loyal
T00084,2024-06-30 11:09:03.285788,356.49,P235,Laptop,Grocery,8.16,348.33,Credit Card,Regular
T00085,2023-10-01 03:58:48.285788,839.09,P843,Toy Car,Electronics,649.61,189.48,Online Payment,Loyal
T00086,2023-12-17 16:12:41.285788,996.53,P345,Laptop,Electronics,511.31,485.22,Debit Card,New
T00087,2023-10-26 00:51:44.285788,35.84,P498,Sofa,Electronics,316.48,-280.64,Online Payment,Regular
T00088,2023-10-11 00:41:34.285788,834.62,P493,Toy Car,Clothing,590.04,244.58,Cash,New
T00089,2024-07-30 14:48:28.285788,710.01,P830,Shirt,Furniture,666.47,43.54,Debit Card,Loyal
T00090,2023-09-18 06:09:06.285788,335.52,P149,Apple,Electronics,660.39,-324.87,Debit Card,New
T00091,2024-02-24 12:16:08.285788,206.8,P826,Shirt,Electronics,272.91,-66.11,Debit Card,New
T00092,2024-07-27 11:49:51.285788,603.31,P465,Sofa,Grocery,371.22,232.09,Cash,Loyal
T00093,2024-03-06 09:32:23.285788,793.02,P104,Apple,Grocery,639.47,153.55,Online Payment,New
T00094,2024-08-03 21:48:00.285788,391.33,P275,Laptop,Clothing,576.4,-185.07,Online Payment,Regular
T00095,2024-05-14 08:48:46.285788,428.8,P252,Shirt,Electronics,250.36,178.44,Credit Card,Loyal
T00096,2024-04-29 02:42:22.285788,920.95,P323,Laptop,Toys,290.43,630.52,Cash,Loyal
T00097,2024-05-22 18:00:01.285788,284.79,P411,Toy Car,Grocery,294.31,-9.52,Cash,New
T00098,2024-07-15 22:39:20.285788,852.71,P831,Apple,Electronics,652.81,199.9,Credit Card,Regular
T00099,2024-01-11 14:12:53.285788,629.75,P278,Toy Car,Electronics,694.74,-64.99,Online Payment,Loyal
T00100,2024-06-21 07:39:06.285788,396.14,P909,Laptop,Furniture,384.54,11.6,Online Payment,Regular
T00101,2024-03-29 06:34:19.285788,422.9,P544,Shirt,Toys,622.15,-199.25,Online Payment,Regular
T00102,2023-11-05 07:31:06.285788,267.83,P781,Sofa,Electronics,469.35,-201.52,Credit Card,Loyal
T00103,2024-02-09 13:46:42.285788,872.59,P627,Sofa,Clothing,556.77,315.82,Debit Card,Loyal
T00104,2024-05-27 15:57:47.285788,643.09,P609,Sofa,Electronics,16.85,626.24,Online Payment,Loyal
T00105,2024-06-03 04:00:36.285788,426.2,P523,Sofa,Furniture,258.79,167.41,Debit Card,Regular
T00106,2023-12-28 04:59:10.285788,104.8,P822,Sofa,Clothing,798.89,-694.09,Debit Card,Loyal
T00107,2024-06-13 04:11:51.285788,322.12,P126,Sofa,Clothing,599.7,-277.58,Credit Card,New
T00108,2024-01-21 07:13:19.285788,619.91,P976,Sofa,Toys,230.48,389.43,Credit Card,Loyal
T00109,2023-09-04 06:17:29.285788,971.77,P424,Laptop,Clothing,92.55,879.22,Debit Card,Loyal
T00110,2023-12-10 11:56:31.285788,316.01,P321,Laptop,Furniture,340.56,-24.55,Cash,Loyal
T00111,2024-05-10 16:53:48.285788,731.36,P146,Toy Car,Grocery,705.05,26.31,Cash,Regular
T00112,2024-02-27 12:57:00.285788,567.53,P991,Sofa,Grocery,560.78,6.75,Debit Card,New
T00113,2024-01-24 08:00:16.285788,99.51,P379,Sofa,Electronics,716.46,-616.95,Online Payment,Regular
T00114,2023-11-08 08:15:05.285788,100.35,P298,Sofa,Electronics,84.13,16.22,Online Payment,New
T00115,2024-07-07 15:51:15.285788,211.09,P344,Sofa,Furniture,582.5,-371.41,Credit Card,Loyal
T00116,2023-11-25 02:30:29.285788,595.18,P260,Apple,Clothing,289.13,306.05,Debit Card,New
T00117,2024-03-31 16:28:56.285788,161.97,P576,Sofa,Furniture,699.32,-537.35,Cash,Loyal
T00118,2024-05-06 17:33:17.285788,998.44,P265,Laptop,Grocery,550.72,447.72,Cash,New
T00119,2024-06-26 15:06:13.285788,347.05,P449,Apple,Toys,279.89,67.16,Cash,New
T00120,2023-11-25 16:31:26.285788,935.05,P513,Toy Car,Clothing,593.77,341.28,Online Payment,Loyal
T00121,2024-02-12 21:07:59.285788,126.15,P327,Laptop,Clothing,689.57,-563.42,Cash,Regular
T00122,2023-11-08 13:36:03.285788,811.34,P522,Toy Car,Clothing,791.15,20.19,Debit Card,New
T00123,2024-03-04 17:03:25.285788,156.67,P213,Sofa,Clothing,301.01,-144.34,Credit Card,Loyal
T00124,2023-10-03 23:53:25.285788,804.27,P919,Toy Car,Electronics,750.96,53.31,Credit Card,Loyal
T00125,2024-07-16 00:44:48.285788,300.77,P385,Shirt,Clothing,30.21,270.56,Credit Card,Regular
T00126,2024-06-12 20:05:56.285788,909.79,P956,Toy Car,Clothing,772.62,137.17,Online Payment,Loyal
T00127,2024-07-11 22:36:06.285788,661.75,P515,Toy Car,Clothing,729.97,-68.22,Credit Card,New
T00128,2023-12-27 00:18:09.285788,147.59,P163,Sofa,Clothing,236.28,-88.69,Online Payment,New
T00129,2023-09-17 13:10:04.285788,153.16,P288,Shirt,Electronics,450.9,-297.74,Credit Card,Loyal
T00130,2024-02-21 11:50:05.285788,518.39,P613,Shirt,Electronics,798.82,-280.43,Credit Card,New
T00131,2024-01-10 04:21:17.285788,498.19,P327,Shirt,Grocery,239.81,258.38,Credit Card,Regular
T00132,2024-04-16 07:06:34.285788,978.07,P994,Laptop,Furniture,163.57,814.5,Debit Card,Regular
T00133,2024-03-27 00:08:29.285788,821.89,P763,Laptop,Furniture,314.8,507.09,Online Payment,Regular
T00134,2023-11-02 19:17:43.285788,315.9,P610,Sofa,Toys,442.21,-126.31,Debit Card,New
T00135,2024-02-12 03:22:27.285788,137.55,P923,Laptop,Electronics,770.09,-632.54,Debit Card,New
T00136,2024-01-09 00:15:00.285788,933.35,P916,Apple,Toys,773.24,160.11,Debit Card,New
T00137,2023-12-02 01:26:55.285788,836.36,P298,Toy Car,Clothing,473.83,362.53,Cash,Loyal
T00138,2023-12-26 21:20:18.285788,697.67,P234,Sofa,Clothing,622.98,74.69,Online Payment,Regular
T00139,2024-06-13 17:59:55.285788,874.87,P352,Shirt,Furniture,616.77,258.1,Debit Card,New
T00140,2023-09-23 09:06:50.285788,60.1,P238,Apple,Clothing,402.45,-342.35,Debit Card,New
T00141,2024-05-27 06:55:38.285788,841.31,P487,Shirt,Toys,145.85,695.46,Cash,New
T00142,2024-02-01 23:38:57.285788,930.58,P461,Laptop,Toys,701.97,228.61,Debit Card,Loyal
T00143,2024-08-03 19:21:41.285788,161.71,P161,Toy Car,Clothing,429.78,-268.07,Debit Card,Regular
T00144,2023-11-08 13:36:02.285788,663.28,P194,Apple,Furniture,758.66,-95.38,Credit Card,New
T00145,2024-04-25 13:45:44.285788,339.96,P960,Apple,Clothing,213.99,125.97,Debit Card,Regular
T00146,2024-01-20 12:27:02.285788,659.78,P102,Sofa,Clothing,328.61,331.17,Credit Card,Loyal
T00147,2023-09-26 00:37:23.285788,809.57,P989,Toy Car,Grocery,250.11,559.46,Debit Card,Regular
T00148,2024-07-10 12:01:04.285788,910.67,P692,Laptop,Toys,455.38,455.29,Credit Card,Loyal
T00149,2024-01-13 04:08:07.285788,986.57,P365,Shirt,Toys,160.32,826.25,Credit Card,Loyal
T00150,2024-03-29 04:32:30.285788,565.33,P992,Toy Car,Electronics,286.46,278.87,Debit Card,Regular
T00151,2024-06-25 09:50:28.285788,991.46,P606,Toy Car,Grocery,166.71,824.75,Cash,New
T00152,2023-10-31 11:34:57.285788,710.1,P863,Laptop,Furniture,552.79,157.31,Cash,Regular
T00153,2024-03-15 08:45:57.285788,331.36,P401,Laptop,Toys,185.85,145.51,Debit Card,Loyal
T00154,2024-03-17 22:04:28.285788,18.03,P965,Sofa,Electronics,190.5,-172.47,Online Payment,New
T00155,2024-06-08 07:50:52.285788,636.31,P986,Sofa,Furniture,159.98,476.33,Online Payment,Regular
T00156,2024-08-01 06:09:12.285788,322.09,P110,Toy Car,Furniture,49.67,272.42,Credit Card,Loyal
T00157,2023-10-02 08:03:50.285788,777.34,P425,Laptop,Grocery,234.26,543.08,Credit Card,Loyal
T00158,2023-12-03 04:03:56.285788,419.29,P254,Toy Car,Electronics,678.09,-258.8,Cash,New
T00159,2023-10-01 00:40:56.285788,213.49,P938,Shirt,Grocery,344.68,-131.19,Debit Card,Loyal
T00160,2024-01-03 08:56:41.285788,767.8,P568,Sofa,Electronics,799.23,-31.43,Cash,Regular
T00161,2024-05-23 19:29:04.285788,103.87,P984,Shirt,Toys,555.86,-451.99,Cash,New
T00162,2023-12-27 11:09:19.285788,187.36,P288,Apple,Electronics,423.51,-236.15,Online Payment,Regular
T00163,2023-10-26 08:26:08.285788,569.45,P480,Shirt,Toys,458.89,110.56,Credit Card,Loyal
T00164,2024-02-11 02:32:12.285788,462.05,P435,Apple,Electronics,685.43,-223.38,Credit Card,Regular
T00165,2024-08-21 16:47:36.285788,929.53,P146,Toy Car,Toys,578.61,350.92,Cash,New
T00166,2023-11-05 07:54:48.285788,87.47,P886,Apple,Toys,355.69,-268.22,Online Payment,Regular
T00167,2024-06-11 00:47:04.285788,382.1,P352,Sofa,Electronics,49.07,333.03,Debit Card,New
T00168,2023-12-02 23:51:41.285788,168.54,P971,Laptop,Clothing,515.06,-346.52,Online Payment,Regular
T00169,2023-10-27 14:10:18.285788,463.07,P731,Shirt,Grocery,98.64,364.43,Debit Card,Loyal
T00170,2024-04-13 02:57:37.285788,970.09,P885,Toy Car,Electronics,45.9,924.19,Online Payment,Regular
T00171,2024-05-23 01:28:12.285788,913.19,P386,Sofa,Clothing,681.91,231.28,Credit Card,Loyal
T00172,2023-12-27 16:37:06.285788,469.87,P604,Apple,Furniture,117.97,351.9,Online Payment,New
T00173,2024-04-06 14:27:28.285788,311.68,P650,Shirt,Grocery,467.79,-156.11,Debit Card,New
T00174,2024-01-24 13:50:40.285788,622.17,P258,Sofa,Clothing,164.79,457.38,Online Payment,New
T00175,2024-05-04 18:30:28.285788,60.84,P679,Sofa,Grocery,377.6,-316.76,Online Payment,Loyal
T00176,2023-12-16 07:56:41.285788,691.69,P846,Shirt,Grocery,439.62,252.07,Cash,Loyal
T00177,2024-06-15 08:01:42.285788,571.53,P582,Toy Car,Furniture,760.77,-189.24,Online Payment,Loyal
T00178,2023-12-14 13:58:53.285788,704.12,P220,Apple,Grocery,532.44,171.68,Debit Card,New
T00179,2023-11-30 23:25:20.285788,946.57,P989,Toy Car,Grocery,782.19,164.38,Cash,Loyal
T00180,2024-06-29 01:34:42.285788,23.23,P976,Sofa,Grocery,40.6,-17.37,Debit Card,Regular
T00181,2024-05-22 13:50:06.285788,182.8,P424,Shirt,Clothing,42.19,140.61,Cash,Loyal
T00182,2024-04-08 19:36:45.285788,675.51,P532,Toy Car,Electronics,337.5,338.01,Credit Card,Loyal
T00183,2023-11-12 22:03:40.285788,778.26,P919,Sofa,Grocery,735.72,42.54,Debit Card,Regular
T00184,2023-12-19 18:22:39.285788,293.3,P531,Shirt,Clothing,302.44,-9.14,Credit Card,Regular
T00185,2024-06-02 09:06:37.285788,344.34,P344,Apple,Clothing,491.95,-147.61,Credit Card,Loyal
T00186,2024-05-27 16:04:30.285788,512.87,P114,Laptop,Furniture,212.99,299.88,Debit Card,Loyal
T00187,2024-07-12 18:19:57.285788,641.12,P966,Laptop,Furniture,799.13,-158.01,Online Payment,New
T00188,2024-02-12 21:54:25.285788,958.96,P726,Sofa,Toys,757.54,201.42,Credit Card,Regular
T00189,2023-09-17 03:20:11.285788,179.85,P560,Laptop,Grocery,257.78,-77.93,Credit Card,New
T00190,2024-07-14 19:55:52.285788,936.64,P809,Apple,Clothing,551.24,385.4,Online Payment,Regular
T00191,2024-08-05 19:30:29.285788,527.2,P600,Laptop,Grocery,468.55,58.65,Debit Card,Loyal
T00192,2023-09-29 19:17:45.285788,466.84,P790,Sofa,Electronics,187.15,279.69,Debit Card,New
T00193,2023-11-17 06:03:13.285788,40.51,P730,Toy Car,Toys,213.16,-172.65,Cash,Regular
T00194,2023-08-26 17:32:18.285788,557.38,P595,Laptop,Grocery,668.53,-111.15,Cash,New
T00195,2023-11-15 07:29:43.285788,256.56,P607,Shirt,Toys,492.7,-236.14,Credit Card,New
T00196,2024-02-02 00:10:34.285788,283.66,P277,Toy Car,Grocery,752.74,-469.08,Debit Card,Regular
T00197,2024-06-05 07:15:37.285788,219.63,P239,Toy Car,Electronics,511.62,-291.99,Online Payment,Loyal
T00198,2023-09-29 08:37:54.285788,556.13,P789,Toy Car,Furniture,26.98,529.15,Debit Card,Loyal
T00199,2023-12-21 09:07:26.285788,412.29,P849,Laptop,Grocery,601.46,-189.17,Cash,Regular
T00200,2024-03-24 16:17:56.285788,586.19,P231,Apple,Toys,81.17,505.02,Credit Card,Regular
T00201,2024-06-08 03:41:23.285788,366.82,P580,Laptop,Toys,719.23,-352.41,Cash,Regular
T00202,2023-12-06 04:39:48.285788,801.09,P409,Shirt,Toys,317.57,483.52,Online Payment,New
T00203,2023-10-31 05:10:14.285788,392.04,P542,Apple,Grocery,780.39,-388.35,Credit Card,New
T00204,2024-03-21 20:15:49.285788,822.84,P445,Sofa,Electronics,729.48,93.36,Online Payment,Regular
T00205,2024-08-01 21:37:06.285788,48.43,P898,Toy Car,Clothing,318.69,-270.26,Credit Card,Loyal
T00206,2024-06-01 19:14:48.285788,546.83,P448,Sofa,Furniture,713.3,-166.47,Cash,Regular
T00207,2024-03-19 10:46:58.285788,134.12,P168,Sofa,Electronics,588.43,-454.31,Cash,Regular
T00208,2024-01-09 03:04:04.285788,607.32,P345,Toy Car,Grocery,477.39,129.93,Online Payment,Regular
T00209,2024-03-30 06:34:57.285788,350.52,P509,Toy Car,Toys,602.44,-251.92,Cash,New
T00210,2024-05-07 15:43:25.285788,999.49,P512,Laptop,Electronics,682.27,317.22,Cash,New
T00211,2024-05-25 22:32:10.285788,861.84,P635,Apple,Clothing,410.95,450.89,Debit Card,Regular
T00212,2024-04-16 00:42:15.285788,868.43,P572,Apple,Clothing,468.61,399.82,Credit Card,Loyal
T00213,2023-11-10 06:04:23.285788,674.47,P945,Toy Car,Clothing,251.41,423.06,Debit Card,Regular
T00214,2023-10-04 13:33:53.285788,898.18,P680,Apple,Toys,537.7,360.48,Credit Card,Loyal
T00215,2024-02-21 01:25:40.285788,411.54,P955,Laptop,Electronics,596.67,-185.13,Online Payment,Loyal
T00216,2024-05-18 05:06:11.285788,170.02,P802,Apple,Electronics,420.08,-250.06,Debit Card,New
T00217,2023-12-28 20:44:14.285788,588.44,P535,Laptop,Electronics,799.0,-210.56,Cash,Loyal
T00218,2023-12-20 06:33:01.285788,63.33,P564,Apple,Furniture,696.0,-632.67,Credit Card,Regular
T00219,2023-12-22 06:06:29.285788,707.44,P469,Apple,Electronics,586.36,121.08,Cash,Loyal
T00220,2024-05-12 10:29:15.285788,712.9,P221,Sofa,Grocery,200.68,512.22,Debit Card,Regular
T00221,2024-04-08 20:51:20.285788,654.92,P944,Apple,Clothing,793.45,-138.53,Debit Card,New
T00222,2024-02-24 09:06:08.285788,754.36,P786,Laptop,Clothing,591.92,162.44,Cash,Regular
T00223,2024-02-04 05:30:12.285788,199.8,P342,Apple,Clothing,686.28,-486.48,Credit Card,Loyal
T00224,2024-03-21 08:15:20.285788,434.17,P365,Sofa,Toys,630.97,-196.8,Cash,Loyal
T00225,2024-07-01 11:02:04.285788,153.7,P920,Laptop,Electronics,723.42,-569.72,Online Payment,New
T00226,2024-03-27 10:35:24.285788,142.7,P717,Laptop,Grocery,126.31,16.39,Debit Card,Regular
T00227,2024-03-14 19:22:39.285788,346.9,P896,Sofa,Toys,31.61,315.29,Credit Card,Regular
T00228,2024-05-31 13:55:17.285788,743.93,P515,Apple,Toys,87.1,656.83,Online Payment,Loyal
T00229,2023-12-05 08:59:36.285788,178.69,P915,Shirt,Toys,485.94,-307.25,Cash,Regular
T00230,2023-12-28 20:54:14.285788,93.25,P208,Apple,Toys,726.71,-633.46,Online Payment,New
T00231,2024-08-06 08:11:27.285788,400.39,P612,Shirt,Grocery,440.52,-40.13,Cash,Regular
T00232,2024-07-04 23:53:22.285788,304.08,P554,Shirt,Clothing,533.64,-229.56,Debit Card,Regular
T00233,2024-06-05 19:04:34.285788,667.34,P182,Shirt,Electronics,245.69,421.65,Credit Card,Regular
T00234,2023-10-21 20:30:44.285788,865.61,P650,Sofa,Electronics,63.53,802.08,Cash,Regular
T00235,2023-09-06 03:45:59.285788,764.34,P572,Laptop,Furniture,159.4,604.94,Debit Card,Regular
T00236,2023-10-11 15:55:55.285788,315.59,P678,Apple,Grocery,160.45,155.14,Cash,New
T00237,2024-01-06 14:31:03.285788,917.16,P423,Toy Car,Electronics,451.14,466.02,Debit Card,Loyal
T00238,2023-09-03 01:32:18.285788,987.46,P119,Toy Car,Toys,168.97,818.49,Debit Card,Loyal
T00239,2024-04-26 06:48:13.285788,526.27,P410,Apple,Furniture,484.23,42.04,Online Payment,Loyal
T00240,2024-01-09 01:14:18.285788,987.13,P565,Shirt,Electronics,472.59,514.54,Debit Card,Regular
T00241,2024-01-14 19:48:55.285788,437.01,P926,Apple,Toys,604.1,-167.09,Cash,New
T00242,2024-06-02 02:55:27.285788,97.51,P396,Laptop,Furniture,592.65,-495.14,Cash,Regular
T00243,2024-07-07 20:27:55.285788,744.38,P875,Toy Car,Grocery,88.56,655.82,Debit Card,New
T00244,2023-09-14 05:18:53.285788,928.84,P799,Shirt,Furniture,376.24,552.6,Cash,Regular
T00245,2024-02-06 11:09:12.285788,40.2,P579,Sofa,Clothing,796.77,-756.57,Debit Card,Loyal
T00246,2024-07-14 11:27:02.285788,65.2,P337,Toy Car,Grocery,253.88,-188.68,Debit Card,New
T00247,2024-05-31 13:26:18.285788,435.75,P378,Laptop,Furniture,652.49,-216.74,Online Payment,New
T00248,2024-04-13 14:46:57.285788,889.3,P165,Sofa,Clothing,676.1,213.2,Debit Card,Regular
T00249,2024-07-18 21:46:35.285788,633.3,P376,Shirt,Furniture,337.83,295.47,Online Payment,Loyal
T00250,2023-10-17 00:36:08.285788,530.81,P588,Laptop,Electronics,752.82,-222.01,Online Payment,Regular
T00251,2023-12-24 03:52:28.285788,134.88,P989,Laptop,Electronics,146.92,-12.04,Cash,Loyal
T00252,2024-08-02 11:05:03.285788,134.02,P464,Apple,Toys,278.69,-144.67,Cash,New
T00253,2024-05-15 04:04:48.285788,697.37,P277,Laptop,Furniture,445.43,251.94,Cash,Regular
T00254,2024-03-16 22:41:41.285788,315.19,P934,Laptop,Clothing,515.98,-200.79,Online Payment,Regular
T00255,2024-07-16 14:44:02.285788,338.84,P283,Apple,Toys,755.17,-416.33,Debit Card,Loyal
T00256,2024-02-17 10:22:37.286788,166.04,P534,Laptop,Grocery,234.81,-68.77,Cash,Regular
T00257,2024-02-29 04:00:37.286788,518.42,P488,Apple,Grocery,491.31,27.11,Cash,Loyal
T00258,2023-12-23 15:51:42.286788,193.52,P423,Apple,Furniture,332.08,-138.56,Debit Card,Loyal
T00259,2023-10-28 11:44:27.286788,886.28,P748,Toy Car,Clothing,485.88,400.4,Debit Card,New
T00260,2023-12-01 12:30:59.286788,404.69,P329,Apple,Electronics,681.21,-276.52,Cash,Loyal
T00261,2024-01-17 09:30:01.286788,480.21,P521,Sofa,Grocery,362.3,117.91,Cash,Loyal
T00262,2024-08-13 14:01:42.286788,529.54,P953,Sofa,Grocery,235.26,294.28,Debit Card,New
T00263,2024-03-30 07:59:14.286788,942.41,P547,Sofa,Grocery,64.44,877.97,Debit Card,Regular
T00264,2023-09-12 23:37:18.286788,479.04,P576,Shirt,Electronics,510.88,-31.84,Credit Card,Loyal
T00265,2024-04-06 10:23:10.286788,417.54,P685,Sofa,Toys,74.83,342.71,Debit Card,New
T00266,2024-08-14 09:47:00.286788,413.54,P619,Shirt,Clothing,133.91,279.63,Debit Card,Loyal
T00267,2024-07-02 10:34:37.286788,640.66,P620,Toy Car,Furniture,213.42,427.24,Cash,Loyal
T00268,2024-06-03 20:18:53.286788,968.12,P458,Sofa,Clothing,603.6,364.52,Credit Card,New
T00269,2024-07-11 09:55:58.286788,494.97,P381,Toy Car,Grocery,619.24,-124.27,Cash,New
T00270,2024-07-08 21:47:33.286788,534.1,P375,Toy Car,Furniture,622.47,-88.37,Credit Card,Loyal
T00271,2024-04-10 07:55:00.286788,350.53,P989,Sofa,Grocery,521.58,-171.05,Online Payment,Regular
T00272,2024-07-22 00:28:02.286788,64.03,P972,Sofa,Clothing,660.59,-596.56,Debit Card,Regular
T00273,2024-02-06 06:02:19.286788,611.95,P420,Sofa,Toys,653.11,-41.16,Debit Card,Regular
T00274,2024-07-13 02:19:41.286788,977.7,P952,Apple,Toys,437.02,540.68,Credit Card,Loyal
T00275,2024-03-01 22:48:46.286788,538.31,P149,Sofa,Electronics,617.94,-79.63,Debit Card,New
T00276,2024-07-13 22:55:12.286788,609.89,P359,Sofa,Electronics,93.81,516.08,Online Payment,New
T00277,2023-09-22 13:32:15.286788,101.47,P211,Apple,Toys,99.27,2.2,Debit Card,Regular
T00278,2024-02-24 18:32:48.286788,245.66,P117,Apple,Furniture,545.48,-299.82,Debit Card,Loyal
T00279,2024-07-01 22:28:56.286788,325.46,P455,Shirt,Electronics,682.57,-357.11,Debit Card,New
T00280,2023-10-17 22:08:39.286788,223.26,P657,Laptop,Toys,637.01,-413.75,Cash,Loyal
T00281,2023-09-16 11:50:01.286788,848.89,P685,Laptop,Toys,454.21,394.68,Debit Card,New
T00282,2024-05-12 05:27:47.286788,710.88,P437,Sofa,Grocery,357.37,353.51,Credit Card,New
T00283,2024-03-01 19:48:12.286788,739.82,P796,Toy Car,Clothing,471.54,268.28,Debit Card,Loyal
T00284,2023-11-07 23:11:46.286788,37.25,P671,Apple,Electronics,759.85,-722.6,Debit Card,Regular
T00285,2024-05-21 23:35:43.286788,328.76,P668,Laptop,Clothing,552.76,-224.0,Online Payment,Loyal
T00286,2023-12-20 05:56:05.286788,292.74,P729,Toy Car,Clothing,652.19,-359.45,Debit Card,Loyal
T00287,2024-05-22 01:16:09.286788,915.37,P830,Shirt,Clothing,207.74,707.63,Credit Card,Regular
T00288,2023-11-02 05:34:29.286788,299.26,P536,Apple,Electronics,471.18,-171.92,Cash,Regular
T00289,2024-06-08 18:37:09.286788,193.73,P898,Sofa,Electronics,570.49,-376.76,Online Payment,New
T00290,2023-09-27 15:10:33.286788,454.0,P993,Laptop,Electronics,618.59,-164.59,Online Payment,Regular
T00291,2023-11-01 20:09:20.286788,171.72,P934,Laptop,Toys,460.78,-289.06,Cash,New
T00292,2023-09-14 02:03:52.286788,363.18,P952,Sofa,Toys,335.35,27.83,Cash,Loyal
T00293,2024-08-10 16:24:03.286788,47.01,P556,Toy Car,Clothing,349.2,-302.19,Credit Card,Regular
T00294,2023-11-09 01:46:11.286788,598.94,P174,Shirt,Toys,204.4,394.54,Online Payment,Loyal
T00295,2024-01-18 22:36:55.286788,13.16,P570,Sofa,Toys,476.76,-463.6,Cash,New
T00296,2024-07-09 08:53:12.286788,590.08,P934,Toy Car,Furniture,19.87,570.21,Online Payment,Regular
T00297,2023-09-11 22:10:39.286788,283.47,P945,Apple,Toys,581.93,-298.46,Cash,Loyal
T00298,2024-01-02 05:06:15.286788,67.7,P190,Toy Car,Electronics,720.32,-652.62,Credit Card,New
T00299,2023-09-02 03:56:59.286788,631.22,P910,Shirt,Clothing,460.89,170.33,Credit Card,Loyal
T00300,2023-10-19 05:17:48.286788,158.06,P577,Toy Car,Grocery,175.85,-17.79,Online Payment,Regular
T00301,2023-10-05 00:06:56.286788,149.8,P663,Sofa,Furniture,161.64,-11.84,Credit Card,New
T00302,2024-03-26 19:51:56.286788,841.81,P131,Shirt,Furniture,457.57,384.24,Online Payment,Loyal
T00303,2024-05-25 11:10:09.286788,228.39,P284,Toy Car,Clothing,792.02,-563.63,Credit Card,Loyal
T00304,2024-02-22 13:15:48.286788,855.92,P204,Toy Car,Toys,629.27,226.65,Credit Card,New
T00305,2024-01-21 09:08:53.286788,102.6,P331,Laptop,Clothing,245.15,-142.55,Cash,New
T00306,2024-03-12 16:09:06.286788,224.35,P771,Shirt,Grocery,723.33,-498.98,Online Payment,Regular
T00307,2024-04-23 02:46:19.286788,389.72,P334,Apple,Clothing,395.46,-5.74,Credit Card,New
T00308,2023-09-20 14:28:09.286788,762.21,P184,Sofa,Furniture,485.08,277.13,Debit Card,Loyal
T00309,2023-12-23 13:09:03.286788,126.3,P443,Apple,Clothing,47.03,79.27,Debit Card,New
T00310,2023-10-05 05:30:12.286788,169.57,P556,Toy Car,Electronics,473.05,-303.48,Cash,Regular
T00311,2024-03-05 18:54:45.286788,611.4,P484,Sofa,Grocery,230.85,380.55,Cash,Loyal
T00312,2024-04-14 08:29:36.286788,49.28,P220,Apple,Toys,337.07,-287.79,Cash,Loyal
T00313,2024-03-21 21:04:21.286788,761.02,P212,Toy Car,Grocery,785.28,-24.26,Cash,Loyal
T00314,2024-04-23 10:24:50.286788,183.69,P449,Shirt,Electronics,735.06,-551.37,Credit Card,Loyal
T00315,2024-05-02 23:59:47.286788,109.8,P834,Toy Car,Toys,433.82,-324.02,Debit Card,Regular
T00316,2024-02-19 05:16:03.286788,479.38,P501,Sofa,Grocery,760.02,-280.64,Cash,Regular
T00317,2024-08-08 15:25:16.286788,104.14,P784,Shirt,Toys,177.5,-73.36,Debit Card,Regular
T00318,2023-09-08 21:17:32.286788,907.12,P252,Shirt,Electronics,718.14,188.98,Debit Card,Regular
T00319,2024-03-25 21:11:18.286788,983.76,P913,Shirt,Toys,472.37,511.39,Cash,Loyal
T00320,2024-05-23 06:28:32.286788,834.39,P479,Toy Car,Grocery,198.29,636.1,Cash,New
T00321,2024-01-26 17:34:15.286788,149.8,P873,Apple,Clothing,70.2,79.6,Debit Card,Loyal
T00322,2024-08-16 01:58:28.286788,557.91,P328,Laptop,Furniture,467.24,90.67,Credit Card,Loyal
T00323,2024-04-05 02:15:31.286788,833.05,P889,Toy Car,Electronics,626.29,206.76,Credit Card,Loyal
T00324,2023-11-24 09:52:20.286788,733.28,P433,Sofa,Clothing,245.79,487.49,Online Payment,Loyal
T00325,2024-07-31 10:45:36.286788,278.71,P105,Toy Car,Electronics,396.96,-118.25,Online Payment,New
T00326,2024-05-27 07:37:19.286788,729.54,P934,Shirt,Grocery,38.29,691.25,Debit Card,New
T00327,2024-06-23 06:14:33.286788,980.77,P117,Sofa,Grocery,501.4,479.37,Credit Card,Regular
T00328,2024-07-31 15:36:41.286788,620.29,P672,Sofa,Grocery,605.22,15.07,Debit Card,Loyal
T00329,2023-12-10 13:22:01.286788,560.54,P923,Laptop,Clothing,755.1,-194.56,Online Payment,Loyal
T00330,2024-03-07 12:33:05.286788,45.64,P930,Apple,Clothing,591.43,-545.79,Credit Card,New
T00331,2024-04-29 14:03:40.286788,848.61,P313,Toy Car,Grocery,339.87,508.74,Credit Card,New
T00332,2023-08-25 08:16:45.286788,148.69,P103,Laptop,Clothing,168.48,-19.79,Online Payment,Loyal
T00333,2023-09-27 23:54:35.286788,954.43,P216,Sofa,Furniture,358.67,595.76,Online Payment,Regular
T00334,2023-11-09 07:23:51.286788,747.73,P481,Apple,Furniture,746.34,1.39,Online Payment,Loyal
T00335,2023-11-26 04:57:13.286788,463.24,P884,Shirt,Furniture,291.7,171.54,Cash,Regular
T00336,2024-04-01 15:14:29.286788,521.66,P187,Laptop,Furniture,604.35,-82.69,Cash,Loyal
T00337,2023-12-27 17:51:37.286788,549.59,P504,Sofa,Grocery,785.1,-235.51,Online Payment,Loyal
T00338,2024-06-12 11:00:26.286788,794.76,P385,Apple,Clothing,243.24,551.52,Debit Card,New
T00339,2024-05-07 09:22:49.286788,999.16,P216,Laptop,Clothing,531.68,467.48,Debit Card,New
T00340,2024-06-27 23:07:46.286788,648.69,P588,Toy Car,Clothing,276.85,371.84,Debit Card,Regular
T00341,2023-12-06 08:03:07.286788,832.33,P331,Laptop,Furniture,212.25,620.08,Cash,New
T00342,2024-01-13 23:41:03.286788,507.28,P126,Sofa,Grocery,432.16,75.12,Online Payment,Regular
T00343,2023-12-22 00:40:32.286788,247.48,P765,Shirt,Furniture,85.23,162.25,Online Payment,Regular
T00344,2024-03-07 19:14:39.286788,805.11,P216,Shirt,Clothing,492.38,312.73,Debit Card,Loyal
T00345,2024-04-24 17:24:27.286788,127.06,P857,Apple,Clothing,796.92,-669.86,Credit Card,Regular
T00346,2024-06-08 06:10:40.286788,740.23,P982,Laptop,Clothing,67.36,672.87,Debit Card,New
T00347,2023-10-30 23:51:34.286788,709.55,P874,Toy Car,Furniture,504.5,205.05,Cash,New
T00348,2024-04-16 23:44:43.286788,506.77,P103,Laptop,Electronics,127.46,379.31,Online Payment,Regular
T00349,2024-08-07 03:29:33.286788,480.02,P103,Apple,Grocery,32.21,447.81,Online Payment,Regular
T00350,2023-09-08 14:52:31.286788,856.99,P204,Sofa,Electronics,102.82,754.17,Credit Card,Loyal
T00351,2024-02-28 22:53:02.286788,40.4,P876,Sofa,Electronics,32.3,8.1,Cash,New
T00352,2023-11-27 11:35:45.286788,336.2,P554,Shirt,Toys,557.06,-220.86,Debit Card,New
T00353,2023-12-12 23:29:38.286788,500.48,P710,Apple,Furniture,264.5,235.98,Debit Card,New
T00354,2023-11-18 01:13:09.286788,611.5,P176,Laptop,Electronics,386.54,224.96,Credit Card,Regular
T00355,2023-08-30 05:57:00.286788,705.72,P914,Shirt,Furniture,513.48,192.24,Debit Card,Regular
T00356,2023-09-20 20:15:57.286788,965.8,P151,Sofa,Clothing,588.86,376.94,Debit Card,Regular
T00357,2024-08-15 13:50:18.286788,669.24,P595,Toy Car,Furniture,121.7,547.54,Credit Card,Regular
T00358,2024-03-03 03:54:22.286788,10.17,P209,Apple,Toys,519.7,-509.53,Cash,New
T00359,2024-02-02 11:15:23.286788,133.3,P599,Apple,Toys,218.04,-84.74,Online Payment,Loyal
T00360,2024-03-20 21:14:05.286788,955.82,P837,Sofa,Clothing,790.72,165.1,Debit Card,Regular
T00361,2024-02-20 14:02:26.286788,376.02,P983,Toy Car,Furniture,704.59,-328.57,Online Payment,New
T00362,2023-09-28 09:41:41.286788,604.78,P287,Shirt,Toys,443.51,161.27,Online Payment,New
T00363,2024-07-23 02:17:22.286788,353.26,P937,Shirt,Toys,384.66,-31.4,Cash,Loyal
T00364,2023-09-25 08:41:06.286788,739.96,P981,Apple,Electronics,75.58,664.38,Debit Card,Loyal
T00365,2024-03-18 09:43:39.286788,45.6,P376,Toy Car,Electronics,733.36,-687.76,Debit Card,New
T00366,2023-12-03 12:54:07.286788,953.33,P891,Apple,Electronics,188.96,764.37,Credit Card,New
T00367,2023-10-02 11:29:14.286788,633.32,P802,Toy Car,Toys,199.99,433.33,Online Payment,New
T00368,2024-08-06 02:34:26.286788,35.82,P786,Laptop,Grocery,299.4,-263.58,Debit Card,Regular
T00369,2024-05-31 21:02:22.286788,943.92,P548,Laptop,Electronics,665.84,278.08,Debit Card,Regular
T00370,2024-01-14 08:11:02.286788,45.84,P381,Shirt,Grocery,739.76,-693.92,Debit Card,New
T00371,2023-09-26 16:39:52.286788,713.68,P458,Apple,Clothing,290.76,422.92,Credit Card,Regular
T00372,2023-11-19 07:04:59.286788,525.16,P127,Laptop,Grocery,320.01,205.15,Cash,Regular
T00373,2024-05-31 08:36:51.286788,587.45,P441,Sofa,Toys,452.84,134.61,Debit Card,Loyal
T00374,2023-12-07 12:51:56.286788,25.58,P463,Toy Car,Clothing,37.79,-12.21,Debit Card,Regular
T00375,2024-07-12 12:50:17.286788,225.72,P324,Sofa,Furniture,40.96,184.76,Debit Card,Loyal
T00376,2024-05-18 04:13:19.286788,263.67,P941,Sofa,Furniture,131.97,131.7,Debit Card,Regular
T00377,2023-10-12 13:18:24.286788,251.51,P438,Sofa,Clothing,204.43,47.08,Online Payment,Loyal
T00378,2024-02-10 19:17:01.286788,166.53,P670,Laptop,Furniture,35.32,131.21,Online Payment,New
T00379,2023-11-04 06:00:02.286788,931.76,P746,Laptop,Grocery,763.41,168.35,Credit Card,Regular
T00380,2024-03-30 22:31:56.286788,856.85,P222,Sofa,Grocery,771.19,85.66,Cash,Loyal
T00381,2023-12-06 00:50:04.286788,396.65,P466,Sofa,Grocery,328.89,67.76,Credit Card,Regular
T00382,2024-01-03 13:44:30.286788,416.98,P619,Laptop,Electronics,678.86,-261.88,Debit Card,Loyal
T00383,2023-09-24 08:52:47.286788,905.23,P472,Apple,Clothing,596.51,308.72,Debit Card,New
T00384,2024-03-08 11:44:48.286788,89.91,P434,Sofa,Grocery,576.04,-486.13,Cash,Loyal
T00385,2023-11-23 22:46:14.286788,824.28,P169,Laptop,Electronics,188.54,635.74,Cash,Regular
T00386,2024-03-07 07:22:02.286788,885.78,P722,Toy Car,Electronics,673.82,211.96,Online Payment,New
T00387,2023-09-19 10:04:10.286788,816.0,P300,Shirt,Electronics,662.13,153.87,Online Payment,New
T00388,2024-05-18 03:23:01.286788,566.43,P697,Shirt,Grocery,111.75,454.68,Credit Card,New
T00389,2024-01-08 10:53:12.286788,750.19,P568,Shirt,Toys,608.7,141.49,Credit Card,Regular
T00390,2024-03-19 15:43:55.286788,834.79,P478,Shirt,Furniture,765.95,68.84,Credit Card,Regular
T00391,2024-08-13 18:50:59.286788,732.88,P696,Laptop,Grocery,347.09,385.79,Credit Card,Regular
T00392,2024-03-24 03:59:23.286788,287.75,P529,Sofa,Furniture,322.12,-34.37,Online Payment,New
T00393,2023-10-11 07:24:02.286788,130.24,P159,Shirt,Furniture,488.76,-358.52,Debit Card,Loyal
T00394,2024-07-05 06:53:56.286788,998.63,P808,Laptop,Furniture,237.82,760.81,Online Payment,Loyal
T00395,2024-02-22 13:58:59.286788,241.26,P125,Shirt,Toys,369.56,-128.3,Credit Card,Regular
T00396,2024-05-03 18:36:49.286788,175.53,P893,Laptop,Furniture,586.07,-410.54,Online Payment,Regular
T00397,2023-11-20 00:47:47.286788,982.67,P975,Shirt,Furniture,442.38,540.29,Cash,Loyal
T00398,2023-12-25 20:17:34.286788,329.05,P849,Toy Car,Furniture,203.16,125.89,Credit Card,Loyal
T00399,2024-04-02 12:13:34.286788,200.64,P421,Shirt,Electronics,170.57,30.07,Credit Card,New
T00400,2024-02-25 05:02:42.286788,588.85,P805,Sofa,Toys,788.65,-199.8,Debit Card,Loyal
T00401,2024-08-14 21:03:10.286788,200.26,P501,Sofa,Grocery,665.32,-465.06,Debit Card,New
T00402,2023-11-02 01:50:49.286788,14.55,P170,Laptop,Furniture,348.9,-334.35,Debit Card,New
T00403,2023-10-09 02:47:29.286788,455.12,P363,Sofa,Furniture,223.03,232.09,Online Payment,Loyal
T00404,2024-02-05 19:34:25.286788,541.55,P657,Apple,Clothing,80.81,460.74,Cash,Regular
T00405,2023-10-08 19:33:05.286788,272.21,P149,Sofa,Electronics,76.06,196.15,Cash,New
T00406,2024-02-04 01:40:03.286788,364.96,P429,Shirt,Grocery,737.56,-372.6,Cash,Regular
T00407,2024-05-14 12:46:15.286788,283.57,P654,Apple,Furniture,406.14,-122.57,Online Payment,Regular
T00408,2023-08-27 15:39:22.286788,368.24,P385,Laptop,Grocery,255.06,113.18,Cash,Loyal
T00409,2024-01-05 19:24:02.286788,756.85,P652,Sofa,Toys,31.2,725.65,Credit Card,New
T00410,2024-03-31 02:38:23.286788,90.57,P246,Shirt,Clothing,71.11,19.46,Cash,Regular
T00411,2024-05-05 21:30:16.286788,408.32,P592,Toy Car,Toys,626.4,-218.08,Online Payment,Loyal
T00412,2023-08-24 01:27:41.286788,170.48,P109,Apple,Clothing,508.91,-338.43,Debit Card,New
T00413,2024-03-08 03:42:22.286788,467.07,P750,Laptop,Grocery,450.27,16.8,Credit Card,New
T00414,2024-02-07 17:21:38.286788,601.65,P220,Laptop,Furniture,701.76,-100.11,Debit Card,Loyal
T00415,2024-02-27 21:23:43.286788,71.71,P849,Sofa,Furniture,542.4,-470.69,Credit Card,Loyal
T00416,2024-04-01 22:23:29.286788,420.36,P874,Laptop,Grocery,22.85,397.51,Online Payment,Loyal
T00417,2023-11-29 01:39:51.286788,841.95,P519,Shirt,Furniture,452.47,389.48,Debit Card,Regular
T00418,2023-12-15 03:51:44.286788,785.36,P520,Sofa,Electronics,262.53,522.83,Debit Card,Regular
T00419,2024-04-13 12:23:51.286788,689.39,P335,Apple,Electronics,555.94,133.45,Cash,Loyal
T00420,2024-04-17 22:37:08.286788,65.82,P345,Shirt,Clothing,343.15,-277.33,Credit Card,Regular
T00421,2024-06-09 22:19:58.286788,699.55,P804,Apple,Electronics,152.32,547.23,Credit Card,Regular
T00422,2023-09-19 02:43:54.286788,956.93,P751,Apple,Furniture,11.22,945.71,Cash,Regular
T00423,2023-10-18 19:40:47.286788,103.74,P205,Laptop,Toys,652.54,-548.8,Online Payment,New
T00424,2024-08-01 20:07:10.286788,868.4,P323,Toy Car,Furniture,389.63,478.77,Debit Card,New
T00425,2023-09-07 08:54:28.286788,354.94,P786,Apple,Furniture,753.92,-398.98,Credit Card,Loyal
T00426,2024-02-23 19:24:22.286788,392.19,P504,Sofa,Electronics,619.99,-227.8,Online Payment,Regular
T00427,2024-04-28 22:22:47.286788,215.53,P175,Apple,Grocery,132.56,82.97,Debit Card,New
T00428,2024-01-01 06:43:30.286788,508.24,P131,Shirt,Grocery,663.58,-155.34,Cash,Loyal
T00429,2023-10-20 08:45:19.287788,398.98,P626,Sofa,Clothing,557.72,-158.74,Online Payment,Loyal
T00430,2023-09-07 17:00:32.287788,961.01,P792,Toy Car,Electronics,474.08,486.93,Debit Card,Regular
T00431,2024-07-21 09:48:25.287788,591.77,P466,Apple,Furniture,196.67,395.1,Debit Card,Loyal
T00432,2024-06-07 17:50:33.287788,226.47,P210,Sofa,Toys,447.93,-221.46,Credit Card,New
T00433,2023-11-01 12:18:02.287788,429.18,P538,Apple,Clothing,162.11,267.07,Debit Card,Regular
T00434,2024-01-27 10:14:53.287788,73.34,P524,Apple,Grocery,153.61,-80.27,Debit Card,Regular
T00435,2023-11-08 16:24:42.287788,797.74,P154,Laptop,Electronics,234.7,563.04,Debit Card,New
T00436,2023-10-15 04:09:21.287788,778.0,P281,Shirt,Toys,538.54,239.46,Credit Card,Loyal
T00437,2024-07-09 01:54:40.287788,578.33,P602,Apple,Electronics,142.28,436.05,Cash,New
T00438,2024-06-13 20:56:09.287788,101.06,P298,Shirt,Toys,506.95,-405.89,Cash,New
T00439,2024-08-08 09:38:29.287788,93.91,P147,Laptop,Furniture,161.81,-67.9,Credit Card,Loyal
T00440,2023-12-05 01:49:48.287788,365.9,P547,Shirt,Electronics,119.9,246.0,Credit Card,Regular
T00441,2024-06-05 19:15:59.287788,437.44,P717,Laptop,Electronics,405.2,32.24,Credit Card,Loyal
T00442,2024-01-04 14:56:56.287788,282.04,P582,Apple,Electronics,789.17,-507.13,Online Payment,New
T00443,2024-02-01 00:03:22.287788,393.03,P232,Sofa,Toys,25.05,367.98,Online Payment,New
T00444,2023-10-03 11:56:03.287788,213.02,P841,Apple,Grocery,291.79,-78.77,Cash,New
T00445,2024-06-28 11:16:17.287788,942.94,P654,Toy Car,Toys,568.44,374.5,Credit Card,Loyal
T00446,2024-01-08 15:34:32.287788,590.31,P108,Toy Car,Electronics,406.35,183.96,Debit Card,New
T00447,2023-11-12 05:32:39.287788,326.2,P323,Apple,Furniture,144.34,181.86,Cash,Loyal
T00448,2024-05-31 19:48:48.287788,935.98,P200,Shirt,Grocery,745.09,190.89,Cash,Loyal
T00449,2023-10-07 22:58:43.287788,685.85,P162,Shirt,Furniture,451.91,233.94,Online Payment,New
T00450,2024-08-07 02:21:58.287788,141.75,P346,Toy Car,Electronics,659.57,-517.82,Online Payment,Regular
T00451,2023-09-21 10:47:48.287788,332.6,P811,Apple,Clothing,504.22,-171.62,Online Payment,Regular
T00452,2024-06-12 02:33:33.287788,357.0,P356,Shirt,Grocery,547.79,-190.79,Online Payment,Loyal
T00453,2023-08-27 23:46:46.287788,233.93,P994,Apple,Electronics,166.55,67.38,Debit Card,Regular
T00454,2024-01-02 03:47:28.287788,324.44,P843,Sofa,Electronics,729.35,-404.91,Cash,Loyal
T00455,2023-10-13 17:09:36.287788,229.02,P970,Toy Car,Grocery,129.6,99.42,Online Payment,Loyal
T00456,2024-08-14 07:58:21.287788,319.97,P436,Toy Car,Toys,211.51,108.46,Credit Card,Regular
T00457,2023-12-20 00:24:32.287788,486.72,P237,Toy Car,Furniture,408.47,78.25,Online Payment,Regular
T00458,2024-03-17 00:38:10.287788,417.56,P982,Laptop,Grocery,411.62,5.94,Debit Card,Regular
T00459,2024-05-15 16:07:33.287788,563.5,P466,Sofa,Clothing,683.41,-119.91,Cash,Loyal
T00460,2023-09-09 01:20:16.287788,608.43,P965,Apple,Clothing,148.05,460.38,Credit Card,Regular
T00461,2024-05-27 14:57:09.287788,124.15,P566,Toy Car,Grocery,329.78,-205.63,Debit Card,Regular
T00462,2024-03-17 11:01:03.287788,640.39,P809,Laptop,Clothing,723.74,-83.35,Debit Card,Regular
T00463,2024-04-19 21:32:31.287788,544.94,P603,Laptop,Furniture,753.02,-208.08,Debit Card,Regular
T00464,2024-01-24 09:27:54.287788,627.67,P458,Toy Car,Electronics,34.07,593.6,Credit Card,New
T00465,2024-06-10 23:56:23.287788,788.07,P393,Shirt,Grocery,492.39,295.68,Cash,Loyal
T00466,2024-02-02 08:13:11.287788,461.68,P623,Sofa,Grocery,185.16,276.52,Cash,New
T00467,2024-02-17 10:59:23.287788,957.65,P802,Laptop,Clothing,658.71,298.94,Online Payment,New
T00468,2024-04-05 14:22:56.287788,589.98,P920,Laptop,Electronics,365.07,224.91,Cash,Regular
T00469,2023-10-01 01:33:13.287788,349.8,P531,Sofa,Clothing,455.84,-106.04,Debit Card,Loyal
T00470,2024-08-07 04:22:58.287788,700.3,P940,Sofa,Furniture,100.79,599.51,Cash,New
T00471,2023-11-10 16:33:34.287788,53.05,P691,Laptop,Toys,301.3,-248.25,Cash,Loyal
T00472,2023-10-18 03:16:32.287788,262.47,P900,Shirt,Furniture,314.91,-52.44,Credit Card,Loyal
T00473,2024-02-19 07:04:27.287788,592.59,P749,Shirt,Toys,217.2,375.39,Debit Card,Loyal
T00474,2024-04-30 20:06:45.287788,222.32,P694,Shirt,Clothing,107.39,114.93,Cash,New
T00475,2023-10-24 01:31:38.287788,161.77,P259,Toy Car,Clothing,706.36,-544.59,Credit Card,Regular
T00476,2023-09-06 08:31:18.287788,102.5,P972,Apple,Toys,784.92,-682.42,Cash,Regular
T00477,2024-07-03 08:02:17.287788,770.83,P951,Shirt,Toys,81.53,689.3,Credit Card,Regular
T00478,2023-12-04 09:51:54.287788,458.81,P938,Apple,Electronics,428.66,30.15,Credit Card,New
T00479,2024-05-28 03:16:37.287788,297.89,P295,Shirt,Furniture,724.28,-426.39,Debit Card,Regular
T00480,2024-02-13 12:20:40.287788,760.57,P574,Shirt,Furniture,558.73,201.84,Online Payment,New
T00481,2024-03-28 22:36:55.287788,332.31,P379,Shirt,Grocery,324.69,7.62,Cash,Regular
T00482,2023-12-24 23:24:51.287788,102.04,P196,Sofa,Clothing,441.0,-338.96,Debit Card,Regular
T00483,2024-07-26 23:29:23.287788,323.35,P465,Sofa,Clothing,89.33,234.02,Online Payment,Regular
T00484,2024-03-26 23:53:43.287788,671.23,P318,Laptop,Grocery,206.41,464.82,Cash,Loyal
T00485,2024-04-22 18:19:09.287788,28.71,P847,Apple,Clothing,325.33,-296.62,Cash,New
T00486,2024-08-18 03:26:18.287788,936.04,P986,Sofa,Electronics,726.04,210.0,Online Payment,Regular
T00487,2024-05-29 00:14:51.287788,279.7,P272,Shirt,Furniture,661.29,-381.59,Debit Card,Loyal
T00488,2023-11-08 20:46:34.287788,283.74,P155,Toy Car,Furniture,110.68,173.06,Debit Card,Loyal
T00489,2024-03-27 22:10:43.287788,645.24,P458,Laptop,Furniture,478.39,166.85,Debit Card,Regular
T00490,2024-08-04 22:05:18.287788,779.63,P636,Sofa,Electronics,657.56,122.07,Online Payment,Regular
T00491,2024-07-17 12:20:09.287788,655.47,P586,Apple,Grocery,505.68,149.79,Credit Card,New
T00492,2024-08-06 04:18:35.287788,694.4,P828,Shirt,Electronics,643.68,50.72,Credit Card,New
T00493,2023-11-15 14:53:14.287788,550.55,P613,Laptop,Toys,396.82,153.73,Debit Card,New
T00494,2024-07-10 09:55:06.287788,752.8,P466,Toy Car,Clothing,750.11,2.69,Credit Card,New
T00495,2023-09-07 08:31:16.287788,193.88,P373,Apple,Grocery,161.91,31.97,Online Payment,Loyal
T00496,2023-12-12 09:10:13.287788,798.58,P354,Shirt,Furniture,495.96,302.62,Online Payment,Loyal
T00497,2024-04-24 18:36:06.287788,736.53,P991,Shirt,Furniture,561.62,174.91,Online Payment,New
T00498,2023-12-31 07:04:47.287788,962.66,P562,Apple,Furniture,390.16,572.5,Online Payment,Loyal
T00499,2024-04-06 03:04:03.287788,745.19,P340,Apple,Furniture,742.51,2.68,Cash,Loyal
T00500,2024-01-04 21:49:16.287788,784.71,P748,Sofa,Toys,238.37,546.34,Debit Card,Regular
T00501,2024-05-13 06:17:12.287788,651.57,P342,Apple,Grocery,469.13,182.44,Credit Card,Loyal
T00502,2023-08-27 05:02:08.287788,897.65,P923,Apple,Clothing,786.47,111.18,Debit Card,Loyal
T00503,2024-02-10 18:22:01.287788,138.14,P449,Apple,Clothing,144.94,-6.8,Debit Card,Regular
T00504,2023-09-01 23:33:10.287788,301.63,P292,Apple,Toys,459.54,-157.91,Credit Card,Loyal
T00505,2024-06-18 23:19:42.287788,996.94,P797,Sofa,Clothing,691.3,305.64,Cash,Regular
T00506,2023-11-25 13:04:18.287788,545.72,P175,Shirt,Grocery,748.03,-202.31,Cash,Regular
T00507,2023-10-28 19:38:58.287788,251.88,P837,Laptop,Toys,277.0,-25.12,Cash,Loyal
T00508,2023-11-10 08:34:39.287788,231.06,P981,Shirt,Electronics,523.04,-291.98,Online Payment,New
T00509,2024-03-09 02:36:49.287788,142.0,P724,Sofa,Toys,606.38,-464.38,Credit Card,Regular
T00510,2023-10-02 21:43:33.287788,92.53,P330,Sofa,Clothing,229.32,-136.79,Online Payment,Regular
T00511,2023-11-04 15:03:11.287788,979.49,P259,Shirt,Toys,414.72,564.77,Debit Card,New
T00512,2024-03-07 17:25:30.287788,477.91,P157,Sofa,Toys,364.51,113.4,Cash,Regular
T00513,2024-08-20 05:13:38.287788,477.51,P784,Shirt,Furniture,623.65,-146.14,Credit Card,Loyal
T00514,2023-10-10 04:39:55.287788,985.58,P933,Sofa,Electronics,400.93,584.65,Credit Card,Loyal
T00515,2023-11-26 07:29:15.287788,213.41,P742,Shirt,Electronics,707.53,-494.12,Credit Card,New
T00516,2024-03-04 07:05:19.287788,338.67,P550,Toy Car,Furniture,152.22,186.45,Debit Card,Regular
T00517,2024-07-09 20:41:44.287788,658.25,P155,Toy Car,Grocery,597.05,61.2,Online Payment,New
T00518,2024-07-02 04:33:21.287788,966.88,P980,Sofa,Toys,374.24,592.64,Debit Card,Loyal
T00519,2024-04-06 14:38:55.287788,777.39,P372,Shirt,Furniture,694.46,82.93,Online Payment,New
T00520,2024-08-03 20:19:11.287788,459.34,P696,Laptop,Clothing,579.13,-119.79,Credit Card,Loyal
T00521,2024-06-13 23:15:59.287788,18.76,P971,Toy Car,Toys,604.57,-585.81,Debit Card,New
T00522,2024-07-20 19:51:44.287788,625.54,P941,Laptop,Clothing,653.88,-28.34,Credit Card,Regular
T00523,2024-05-02 17:17:07.287788,476.58,P324,Apple,Furniture,180.79,295.79,Debit Card,Loyal
T00524,2023-08-24 07:52:52.287788,650.98,P379,Shirt,Furniture,154.0,496.98,Cash,Loyal
T00525,2024-04-01 16:41:31.287788,347.41,P216,Shirt,Grocery,269.56,77.85,Cash,Regular
T00526,2024-03-03 11:07:16.287788,920.52,P331,Toy Car,Grocery,214.45,706.07,Debit Card,Loyal
T00527,2024-03-29 19:06:59.287788,471.35,P952,Apple,Grocery,572.77,-101.42,Debit Card,Loyal
T00528,2024-07-17 05:05:07.287788,692.81,P660,Laptop,Clothing,774.81,-82.0,Cash,Regular
T00529,2024-03-06 14:00:58.287788,152.94,P425,Shirt,Furniture,8.29,144.65,Cash,Loyal
T00530,2023-12-15 02:59:18.287788,191.82,P630,Apple,Clothing,544.79,-352.97,Credit Card,Regular
T00531,2023-12-22 04:15:20.287788,314.23,P891,Toy Car,Toys,385.23,-71.0,Cash,Regular
T00532,2024-04-24 22:21:55.287788,807.66,P475,Apple,Furniture,395.65,412.01,Credit Card,New
T00533,2023-10-08 04:05:35.287788,685.55,P764,Shirt,Electronics,715.46,-29.91,Debit Card,New
T00534,2024-08-09 18:59:48.287788,372.9,P599,Shirt,Toys,529.71,-156.81,Online Payment,Regular
T00535,2024-08-04 21:20:05.287788,994.11,P810,Shirt,Electronics,399.71,594.4,Credit Card,Loyal
T00536,2024-01-22 11:29:24.287788,240.54,P715,Laptop,Clothing,414.87,-174.33,Online Payment,New
T00537,2024-03-18 19:21:05.287788,838.45,P896,Shirt,Clothing,89.09,749.36,Online Payment,New
T00538,2024-06-02 06:23:13.287788,515.21,P759,Shirt,Toys,139.66,375.55,Online Payment,Regular
T00539,2024-06-23 08:07:46.287788,229.67,P332,Apple,Electronics,87.05,142.62,Debit Card,Loyal
T00540,2023-08-28 11:17:44.287788,754.51,P266,Apple,Furniture,736.9,17.61,Debit Card,Loyal
T00541,2023-10-22 11:23:50.287788,859.3,P353,Shirt,Toys,289.01,570.29,Online Payment,Regular
T00542,2024-01-01 23:58:33.287788,535.81,P523,Apple,Electronics,331.93,203.88,Debit Card,Regular
T00543,2023-12-28 09:00:43.287788,861.93,P873,Sofa,Furniture,783.33,78.6,Online Payment,Loyal
T00544,2024-02-29 17:12:02.287788,829.46,P400,Apple,Toys,298.52,530.94,Online Payment,New
T00545,2024-02-17 08:17:45.287788,451.64,P921,Sofa,Grocery,110.47,341.17,Credit Card,Loyal
T00546,2024-08-20 07:28:06.287788,196.33,P883,Shirt,Furniture,794.66,-598.33,Cash,New
T00547,2024-01-24 20:04:30.287788,17.08,P864,Apple,Electronics,187.63,-170.55,Cash,Loyal
T00548,2023-09-09 15:15:48.287788,546.12,P334,Laptop,Furniture,673.78,-127.66,Credit Card,New
T00549,2024-06-07 12:26:07.287788,38.46,P817,Laptop,Electronics,61.26,-22.8,Online Payment,Regular
T00550,2023-12-17 07:53:34.287788,371.2,P572,Shirt,Furniture,701.69,-330.49,Online Payment,New
T00551,2024-02-24 09:30:15.287788,417.95,P203,Laptop,Toys,509.49,-91.54,Online Payment,Regular
T00552,2024-01-19 12:51:07.287788,369.18,P536,Shirt,Clothing,485.62,-116.44,Debit Card,Regular
T00553,2024-06-07 17:41:36.287788,782.23,P213,Toy Car,Furniture,581.77,200.46,Online Payment,Loyal
T00554,2023-11-24 02:13:04.287788,678.92,P367,Laptop,Clothing,659.2,19.72,Credit Card,Loyal
T00555,2023-10-24 11:01:11.287788,359.18,P880,Apple,Furniture,264.5,94.68,Cash,New
T00556,2024-05-29 17:36:10.287788,686.43,P450,Apple,Clothing,526.55,159.88,Cash,Loyal
T00557,2024-05-24 14:12:17.287788,223.66,P379,Laptop,Clothing,621.83,-398.17,Debit Card,Regular
T00558,2023-12-26 10:35:55.287788,344.9,P591,Shirt,Clothing,258.32,86.58,Cash,Regular
T00559,2023-10-23 12:46:20.287788,851.31,P475,Toy Car,Furniture,460.05,391.26,Cash,Regular
T00560,2024-07-01 08:42:26.287788,306.26,P858,Sofa,Electronics,692.84,-386.58,Debit Card,Regular
T00561,2024-06-25 21:34:49.287788,481.22,P507,Shirt,Grocery,199.46,281.76,Credit Card,New
T00562,2024-01-30 04:56:20.287788,916.84,P260,Laptop,Grocery,277.15,639.69,Debit Card,Regular
T00563,2024-06-24 20:32:47.287788,228.23,P101,Sofa,Electronics,360.92,-132.69,Credit Card,Regular
T00564,2023-09-10 01:45:29.287788,569.13,P419,Sofa,Clothing,591.55,-22.42,Credit Card,New
T00565,2024-07-01 04:23:55.287788,82.24,P812,Shirt,Clothing,341.42,-259.18,Debit Card,Loyal
T00566,2023-11-18 19:28:59.287788,367.07,P321,Shirt,Clothing,194.14,172.93,Online Payment,Regular
T00567,2024-02-18 05:37:05.287788,886.14,P608,Laptop,Furniture,678.95,207.19,Credit Card,Loyal
T00568,2024-04-15 03:33:31.287788,947.88,P696,Toy Car,Grocery,447.88,500.0,Debit Card,New
T00569,2024-02-24 23:38:19.287788,30.01,P403,Toy Car,Clothing,270.85,-240.84,Debit Card,Loyal
T00570,2024-08-07 11:01:07.287788,800.01,P788,Apple,Furniture,163.11,636.9,Debit Card,Loyal
T00571,2024-04-02 13:59:45.287788,288.68,P518,Apple,Grocery,446.01,-157.33,Debit Card,Loyal
T00572,2023-11-12 13:34:04.287788,643.82,P667,Sofa,Furniture,202.22,441.6,Cash,New
T00573,2023-10-09 15:06:50.287788,754.68,P369,Sofa,Toys,492.35,262.33,Credit Card,Loyal
T00574,2024-02-14 14:09:22.287788,159.61,P263,Toy Car,Electronics,762.73,-603.12,Debit Card,Regular
T00575,2024-08-14 09:14:52.287788,836.92,P972,Laptop,Grocery,14.74,822.18,Cash,Loyal
T00576,2023-12-10 07:23:01.287788,140.42,P947,Sofa,Grocery,437.14,-296.72,Debit Card,New
T00577,2024-05-16 19:57:33.287788,138.85,P750,Sofa,Toys,251.47,-112.62,Debit Card,Loyal
T00578,2023-12-13 23:49:21.287788,717.42,P803,Laptop,Toys,365.86,351.56,Debit Card,Loyal
T00579,2024-01-31 22:18:26.287788,877.81,P627,Sofa,Toys,670.61,207.2,Cash,Regular
T00580,2023-10-24 02:40:07.287788,727.59,P997,Laptop,Electronics,684.82,42.77,Cash,Loyal
T00581,2023-10-17 00:03:41.287788,95.78,P700,Laptop,Clothing,339.89,-244.11,Online Payment,New
T00582,2024-05-31 03:47:03.287788,869.33,P279,Shirt,Electronics,662.51,206.82,Cash,New
T00583,2024-03-28 04:50:51.287788,620.32,P610,Shirt,Furniture,524.72,95.6,Online Payment,Loyal
T00584,2024-07-24 17:45:38.287788,905.12,P440,Sofa,Furniture,635.3,269.82,Cash,New
T00585,2023-12-22 06:00:03.287788,251.82,P815,Apple,Grocery,678.84,-427.02,Cash,New
T00586,2023-11-15 23:12:35.287788,877.74,P731,Sofa,Grocery,574.02,303.72,Debit Card,New
T00587,2024-07-09 02:02:08.287788,948.92,P571,Toy Car,Electronics,117.48,831.44,Cash,Loyal
T00588,2024-04-27 19:35:21.287788,753.21,P418,Sofa,Electronics,84.14,669.07,Cash,Loyal
T00589,2024-01-13 10:57:35.287788,191.81,P180,Shirt,Grocery,301.02,-109.21,Cash,Regular
T00590,2024-06-21 10:30:56.287788,540.04,P668,Toy Car,Furniture,13.24,526.8,Credit Card,Regular
T00591,2023-09-11 09:39:38.287788,199.0,P104,Laptop,Grocery,306.8,-107.8,Debit Card,Loyal
T00592,2024-01-12 22:35:34.287788,365.66,P916,Apple,Clothing,286.04,79.62,Online Payment,Loyal
T00593,2023-10-16 16:50:55.287788,50.02,P363,Sofa,Furniture,359.18,-309.16,Credit Card,Regular
T00594,2024-03-16 05:34:22.287788,363.8,P343,Shirt,Grocery,73.4,290.4,Debit Card,New
T00595,2024-03-05 00:30:26.287788,973.63,P901,Laptop,Toys,353.33,620.3,Cash,Regular
T00596,2024-01-04 13:34:29.287788,935.76,P488,Sofa,Toys,384.5,551.26,Online Payment,New
T00597,2024-07-03 09:26:18.287788,254.42,P355,Toy Car,Toys,774.51,-520.09,Online Payment,New
T00598,2023-12-16 16:34:55.287788,825.9,P160,Shirt,Clothing,785.41,40.49,Credit Card,New
T00599,2024-06-04 11:58:28.287788,595.46,P359,Sofa,Electronics,224.68,370.78,Credit Card,New
T00600,2024-04-17 09:24:26.287788,745.07,P724,Shirt,Toys,282.75,462.32,Cash,Loyal
T00601,2023-12-07 17:04:12.287788,525.23,P928,Toy Car,Grocery,707.4,-182.17,Credit Card,Regular
T00602,2023-10-07 21:47:29.287788,319.99,P990,Shirt,Toys,65.56,254.43,Credit Card,Regular
T00603,2024-03-31 10:06:20.287788,371.07,P628,Shirt,Furniture,789.46,-418.39,Cash,New
T00604,2024-06-19 11:46:35.287788,68.99,P571,Apple,Toys,527.6,-458.61,Online Payment,New
T00605,2023-09-04 10:08:37.287788,675.94,P150,Shirt,Electronics,665.36,10.58,Cash,New
T00606,2024-07-24 12:49:42.287788,237.55,P826,Sofa,Clothing,430.95,-193.4,Online Payment,New
T00607,2024-04-26 17:49:10.287788,590.13,P953,Laptop,Furniture,273.09,317.04,Cash,Regular
T00608,2024-07-15 06:49:40.287788,890.7,P928,Laptop,Furniture,286.69,604.01,Credit Card,New
T00609,2023-09-30 17:22:42.287788,533.96,P727,Apple,Toys,306.88,227.08,Cash,Loyal
T00610,2024-05-15 12:34:10.287788,644.29,P853,Shirt,Grocery,371.02,273.27,Cash,Loyal
T00611,2024-01-21 17:11:53.287788,254.88,P599,Toy Car,Grocery,46.81,208.07,Online Payment,Loyal
T00612,2024-02-08 19:15:28.287788,806.34,P855,Shirt,Furniture,381.96,424.38,Online Payment,New
T00613,2024-03-01 07:06:10.287788,191.31,P486,Laptop,Electronics,269.62,-78.31,Online Payment,New
T00614,2024-03-28 21:58:42.287788,783.27,P663,Apple,Toys,662.66,120.61,Credit Card,Regular
T00615,2024-03-21 22:36:09.287788,631.1,P337,Toy Car,Electronics,557.69,73.41,Credit Card,Regular
T00616,2023-11-10 12:04:50.287788,192.87,P827,Shirt,Electronics,584.18,-391.31,Cash,New
T00617,2023-12-05 00:29:02.287788,499.65,P322,Sofa,Furniture,40.88,458.77,Debit Card,Loyal
T00618,2024-08-07 10:47:05.287788,391.94,P106,Shirt,Grocery,461.6,-69.66,Debit Card,Regular
T00619,2024-01-07 11:16:55.287788,189.87,P983,Toy Car,Toys,798.64,-608.77,Debit Card,Loyal
T00620,2023-09-30 07:05:59.287788,522.35,P540,Laptop,Furniture,673.45,-151.1,Online Payment,Loyal
T00621,2024-03-17 14:45:37.287788,595.64,P861,Shirt,Grocery,291.07,304.57,Online Payment,Loyal
T00622,2024-01-31 02:58:37.288786,559.86,P805,Laptop,Furniture,176.89,382.97,Online Payment,New
T00623,2024-02-16 14:02:29.288786,90.16,P269,Toy Car,Toys,88.48,1.68,Credit Card,Loyal
T00624,2024-03-21 14:09:01.288786,538.81,P393,Toy Car,Toys,269.69,269.12,Credit Card,Loyal
T00625,2024-02-25 23:04:21.288786,856.64,P509,Laptop,Electronics,551.89,304.75,Cash,New
T00626,2024-05-10 17:56:22.288786,547.18,P928,Apple,Furniture,212.94,334.24,Credit Card,Regular
T00627,2023-10-26 12:03:29.288786,252.63,P678,Apple,Clothing,356.29,-103.66,Debit Card,Regular
T00628,2024-08-19 20:47:15.288786,258.27,P386,Sofa,Clothing,224.76,33.51,Cash,Loyal
T00629,2024-03-13 11:12:36.288786,667.21,P212,Sofa,Toys,52.59,614.62,Credit Card,Loyal
T00630,2023-10-05 16:47:45.288786,347.41,P962,Sofa,Toys,130.6,216.81,Credit Card,New
T00631,2023-09-15 02:07:23.288786,658.73,P174,Toy Car,Furniture,572.11,86.62,Credit Card,Regular
T00632,2023-12-05 05:51:46.288786,452.65,P993,Laptop,Furniture,442.55,10.1,Credit Card,Loyal
T00633,2023-12-08 13:16:46.288786,922.08,P408,Apple,Toys,348.18,573.9,Credit Card,Regular
T00634,2024-03-21 04:34:50.288786,630.86,P249,Toy Car,Toys,373.05,257.81,Cash,Loyal
T00635,2023-11-12 08:40:00.288786,248.52,P237,Laptop,Electronics,275.98,-27.46,Credit Card,Loyal
T00636,2024-01-13 11:23:54.288786,876.57,P576,Laptop,Grocery,602.52,274.05,Cash,Loyal
T00637,2024-05-16 22:59:38.288786,617.54,P979,Apple,Electronics,434.45,183.09,Debit Card,Loyal
T00638,2024-07-22 05:38:46.288786,690.36,P488,Toy Car,Grocery,309.36,381.0,Debit Card,Regular
T00639,2023-08-26 19:17:21.288786,79.18,P177,Toy Car,Clothing,624.88,-545.7,Cash,Loyal
T00640,2024-05-11 21:21:04.288786,85.93,P813,Laptop,Toys,441.21,-355.28,Credit Card,New
T00641,2024-04-29 16:43:19.288786,382.78,P863,Sofa,Furniture,678.95,-296.17,Online Payment,Loyal
T00642,2024-07-03 18:36:02.288786,822.78,P365,Toy Car,Clothing,565.64,257.14,Debit Card,Loyal
T00643,2024-05-17 10:35:39.288786,208.02,P656,Toy Car,Toys,530.94,-322.92,Credit Card,New
T00644,2024-08-21 08:53:16.288786,552.0,P485,Shirt,Clothing,356.98,195.02,Online Payment,New
T00645,2024-08-08 13:05:45.288786,486.56,P409,Sofa,Furniture,181.63,304.93,Credit Card,New
T00646,2024-03-08 00:53:29.288786,443.36,P448,Apple,Electronics,15.29,428.07,Debit Card,New
T00647,2023-12-29 19:30:00.288786,100.06,P288,Toy Car,Furniture,250.38,-150.32,Online Payment,Loyal
T00648,2024-08-14 23:01:14.288786,201.47,P555,Toy Car,Toys,84.51,116.96,Credit Card,Loyal
T00649,2023-11-23 00:43:04.288786,667.34,P465,Laptop,Toys,616.89,50.45,Cash,Regular
T00650,2024-01-03 19:24:15.288786,599.18,P858,Shirt,Furniture,130.75,468.43,Debit Card,Regular
T00651,2023-09-08 01:56:49.288786,528.68,P146,Shirt,Grocery,742.24,-213.56,Cash,Regular
T00652,2024-08-01 04:43:47.288786,583.05,P419,Sofa,Clothing,740.72,-157.67,Credit Card,Regular
T00653,2023-09-20 02:24:07.288786,483.94,P245,Sofa,Furniture,112.27,371.67,Cash,Regular
T00654,2023-10-25 05:52:56.288786,579.14,P705,Toy Car,Furniture,532.98,46.16,Credit Card,New
T00655,2024-02-16 09:19:58.288786,681.14,P578,Shirt,Furniture,340.25,340.89,Debit Card,Loyal
T00656,2024-01-15 13:23:36.288786,874.34,P978,Shirt,Electronics,400.88,473.46,Cash,Loyal
T00657,2024-08-08 09:59:38.288786,602.28,P776,Sofa,Clothing,770.82,-168.54,Credit Card,New
T00658,2024-03-22 06:27:34.288786,50.12,P775,Sofa,Toys,447.02,-396.9,Cash,New
T00659,2024-02-05 11:40:25.288786,949.53,P477,Sofa,Furniture,603.21,346.32,Online Payment,New
T00660,2023-12-07 04:28:23.288786,847.49,P640,Shirt,Clothing,65.49,782.0,Credit Card,Regular
T00661,2023-10-07 21:18:46.288786,67.38,P693,Shirt,Furniture,170.3,-102.92,Credit Card,New
T00662,2024-05-18 09:05:34.288786,651.0,P195,Laptop,Electronics,632.07,18.93,Credit Card,New
T00663,2023-11-28 00:49:18.288786,961.12,P493,Apple,Clothing,229.92,731.2,Debit Card,Regular
T00664,2024-04-23 05:02:41.288786,128.62,P969,Apple,Grocery,598.34,-469.72,Debit Card,Regular
T00665,2023-12-13 15:30:37.288786,685.14,P263,Shirt,Grocery,474.81,210.33,Debit Card,New
T00666,2024-04-23 00:32:12.288786,77.16,P171,Toy Car,Toys,358.12,-280.96,Cash,Loyal
T00667,2024-02-27 08:14:47.288786,284.81,P352,Sofa,Toys,710.77,-425.96,Credit Card,Loyal
T00668,2024-08-21 21:14:42.288786,939.71,P613,Laptop,Furniture,52.31,887.4,Credit Card,Regular
T00669,2024-03-02 14:48:05.288786,374.65,P122,Apple,Clothing,442.28,-67.63,Debit Card,Regular
T00670,2023-12-24 12:00:03.288786,820.08,P113,Shirt,Grocery,731.96,88.12,Cash,Regular
T00671,2024-06-14 21:01:26.288786,323.44,P866,Toy Car,Grocery,679.26,-355.82,Cash,Regular
T00672,2023-12-29 05:00:29.288786,391.65,P897,Sofa,Toys,608.04,-216.39,Online Payment,Loyal
T00673,2024-06-19 15:15:19.288786,71.48,P525,Sofa,Electronics,128.41,-56.93,Credit Card,New
T00674,2024-07-30 08:11:42.288786,404.28,P191,Laptop,Electronics,176.73,227.55,Debit Card,Loyal
T00675,2024-07-19 15:08:56.288786,250.16,P491,Laptop,Clothing,205.92,44.24,Credit Card,New
T00676,2023-10-15 15:58:41.288786,742.79,P812,Shirt,Electronics,675.45,67.34,Cash,Loyal
T00677,2024-07-06 07:46:59.288786,956.18,P381,Sofa,Grocery,652.17,304.01,Online Payment,Regular
T00678,2024-05-29 18:04:13.288786,902.08,P170,Sofa,Electronics,186.83,715.25,Cash,New
T00679,2023-11-14 14:17:12.288786,226.29,P259,Shirt,Electronics,651.99,-425.7,Debit Card,Loyal
T00680,2024-08-08 07:28:51.288786,875.13,P461,Laptop,Clothing,763.17,111.96,Online Payment,Loyal
T00681,2024-06-04 20:11:06.288786,269.54,P867,Shirt,Toys,441.4,-171.86,Credit Card,New
T00682,2024-01-09 16:13:41.288786,937.03,P432,Shirt,Clothing,160.07,776.96,Credit Card,Loyal
T00683,2024-06-03 13:06:45.288786,782.12,P816,Shirt,Electronics,82.48,699.64,Online Payment,Regular
T00684,2023-10-05 21:39:17.288786,513.45,P959,Toy Car,Clothing,241.89,271.56,Cash,Loyal
T00685,2024-06-28 22:21:00.288786,242.66,P900,Toy Car,Clothing,627.77,-385.11,Online Payment,New
T00686,2024-01-06 21:49:43.288786,954.13,P331,Toy Car,Furniture,308.75,645.38,Credit Card,Regular
T00687,2024-05-23 20:53:53.288786,197.56,P962,Shirt,Electronics,780.12,-582.56,Online Payment,New
T00688,2024-07-12 22:50:55.288786,230.45,P354,Shirt,Clothing,618.34,-387.89,Cash,New
T00689,2024-08-11 14:45:47.288786,533.21,P148,Sofa,Furniture,63.81,469.4,Debit Card,Loyal
T00690,2023-08-25 01:40:53.288786,98.3,P284,Apple,Toys,265.85,-167.55,Online Payment,Regular
T00691,2024-02-15 11:15:11.288786,290.02,P949,Toy Car,Furniture,740.12,-450.1,Cash,Regular
T00692,2024-07-17 14:40:05.288786,839.5,P319,Sofa,Electronics,744.85,94.65,Cash,New
T00693,2024-06-20 12:04:58.288786,577.19,P467,Toy Car,Grocery,222.45,354.74,Credit Card,Loyal
T00694,2024-03-10 08:33:47.288786,450.1,P430,Laptop,Grocery,414.4,35.7,Cash,Regular
T00695,2024-03-27 22:14:33.288786,909.44,P606,Laptop,Grocery,740.98,168.46,Credit Card,New
T00696,2024-05-11 22:19:36.288786,285.16,P532,Laptop,Grocery,358.87,-73.71,Online Payment,Regular
T00697,2024-07-16 08:18:00.288786,95.07,P708,Shirt,Clothing,794.83,-699.76,Online Payment,New
T00698,2023-12-16 00:36:43.288786,998.16,P810,Shirt,Clothing,552.48,445.68,Credit Card,Regular
T00699,2023-12-22 04:07:17.288786,858.39,P744,Shirt,Electronics,344.95,513.44,Credit Card,New
T00700,2024-02-24 02:12:04.288786,323.01,P851,Toy Car,Grocery,152.55,170.46,Debit Card,Loyal
T00701,2024-08-07 14:52:53.288786,521.34,P445,Toy Car,Furniture,479.99,41.35,Debit Card,Loyal
T00702,2023-11-23 09:41:20.288786,491.42,P997,Apple,Furniture,482.96,8.46,Credit Card,New
T00703,2024-08-15 07:30:56.288786,227.97,P669,Apple,Toys,785.2,-557.23,Online Payment,New
T00704,2024-01-21 08:41:11.288786,601.43,P597,Laptop,Toys,255.96,345.47,Online Payment,Loyal
T00705,2024-05-26 01:35:35.288786,282.13,P604,Apple,Toys,510.95,-228.82,Cash,New
T00706,2024-05-27 14:04:01.288786,831.05,P270,Sofa,Clothing,266.8,564.25,Cash,Loyal
T00707,2023-12-31 04:51:31.288786,307.49,P569,Apple,Clothing,424.82,-117.33,Cash,Regular
T00708,2023-10-30 14:18:17.288786,72.67,P436,Shirt,Toys,293.44,-220.77,Debit Card,Loyal
T00709,2024-07-01 10:41:32.288786,572.63,P713,Laptop,Grocery,738.18,-165.55,Cash,Regular
T00710,2024-01-24 16:51:55.288786,420.74,P223,Laptop,Clothing,690.01,-269.27,Online Payment,New
T00711,2023-09-28 15:40:57.288786,335.93,P400,Sofa,Electronics,216.61,119.32,Cash,New
T00712,2024-02-07 14:36:19.288786,390.94,P864,Apple,Clothing,529.66,-138.72,Debit Card,New
T00713,2024-06-01 17:37:26.288786,686.63,P705,Sofa,Toys,380.1,306.53,Debit Card,Regular
T00714,2023-11-14 08:19:05.288786,524.53,P296,Sofa,Grocery,288.42,236.11,Debit Card,New
T00715,2024-05-24 04:07:32.288786,375.89,P530,Sofa,Toys,639.34,-263.45,Cash,Regular
T00716,2024-03-27 17:17:04.288786,740.9,P758,Apple,Electronics,71.66,669.24,Cash,Regular
T00717,2023-12-15 15:35:26.288786,961.81,P692,Apple,Clothing,223.36,738.45,Online Payment,Regular
T00718,2023-09-05 10:57:34.288786,774.65,P795,Sofa,Toys,473.86,300.79,Credit Card,Loyal
T00719,2024-08-21 20:21:35.288786,987.68,P318,Laptop,Clothing,415.61,572.07,Online Payment,Loyal
T00720,2023-12-22 01:42:27.288786,59.33,P657,Laptop,Grocery,111.62,-52.29,Credit Card,New
T00721,2023-12-30 01:45:17.288786,905.22,P766,Toy Car,Clothing,743.9,161.32,Online Payment,Loyal
T00722,2023-09-12 02:02:27.288786,395.35,P145,Sofa,Toys,566.34,-170.99,Debit Card,Loyal
T00723,2023-10-18 02:17:04.288786,442.58,P695,Apple,Furniture,748.46,-305.88,Online Payment,Regular
T00724,2023-12-16 21:28:22.288786,765.52,P224,Shirt,Furniture,310.47,455.05,Online Payment,New
T00725,2024-05-12 11:53:22.288786,553.48,P561,Sofa,Grocery,665.66,-112.18,Cash,Regular
T00726,2024-06-29 21:07:51.288786,304.31,P144,Sofa,Clothing,718.35,-414.04,Debit Card,Loyal
T00727,2024-03-27 23:19:14.288786,364.08,P851,Toy Car,Furniture,617.76,-253.68,Debit Card,Loyal
T00728,2024-06-23 06:48:02.288786,658.97,P403,Shirt,Toys,81.54,577.43,Cash,Loyal
T00729,2024-06-01 06:02:16.288786,957.18,P627,Toy Car,Toys,170.44,786.74,Online Payment,New
T00730,2024-02-25 13:59:26.288786,646.16,P149,Toy Car,Electronics,727.88,-81.72,Online Payment,Regular
T00731,2023-11-13 04:45:24.288786,170.59,P976,Apple,Electronics,235.36,-64.77,Credit Card,Loyal
T00732,2023-10-11 10:02:29.288786,398.58,P317,Laptop,Electronics,455.04,-56.46,Credit Card,New
T00733,2023-10-06 00:14:57.288786,301.13,P464,Toy Car,Toys,193.11,108.02,Credit Card,New
T00734,2024-05-26 16:19:37.288786,794.05,P652,Laptop,Grocery,146.57,647.48,Online Payment,Regular
T00735,2024-07-03 22:02:09.288786,594.9,P814,Sofa,Grocery,111.14,483.76,Debit Card,Loyal
T00736,2024-05-19 12:29:15.288786,615.63,P253,Apple,Grocery,797.4,-181.77,Credit Card,Regular
T00737,2024-05-27 06:28:49.288786,740.46,P814,Shirt,Furniture,511.35,229.11,Online Payment,New
T00738,2024-03-18 10:02:50.288786,700.21,P843,Shirt,Clothing,700.25,-0.04,Debit Card,New
T00739,2024-04-20 11:09:57.288786,94.19,P673,Shirt,Electronics,158.91,-64.72,Online Payment,Loyal
T00740,2024-06-19 23:02:22.288786,837.32,P142,Sofa,Electronics,761.53,75.79,Credit Card,Regular
T00741,2024-05-01 07:19:17.288786,172.71,P447,Laptop,Grocery,640.61,-467.9,Debit Card,Regular
T00742,2023-08-27 12:37:29.288786,350.32,P273,Sofa,Electronics,378.45,-28.13,Debit Card,New
T00743,2024-05-24 01:22:43.288786,767.53,P939,Laptop,Toys,481.23,286.3,Debit Card,Regular
T00744,2024-07-31 07:50:44.288786,693.65,P640,Shirt,Toys,325.09,368.56,Credit Card,Loyal
T00745,2023-12-16 00:59:46.288786,410.37,P146,Apple,Clothing,635.19,-224.82,Credit Card,New
T00746,2024-08-08 05:46:38.288786,287.35,P929,Laptop,Grocery,292.02,-4.67,Cash,Loyal
T00747,2024-01-08 03:05:12.288786,79.11,P636,Apple,Electronics,650.07,-570.96,Cash,New
T00748,2023-12-27 21:03:15.288786,214.97,P618,Apple,Furniture,280.73,-65.76,Debit Card,New
T00749,2024-07-05 03:41:28.288786,489.98,P155,Shirt,Electronics,119.22,370.76,Credit Card,New
T00750,2024-05-31 05:39:37.288786,702.43,P977,Sofa,Electronics,195.3,507.13,Credit Card,New
T00751,2024-06-23 19:19:14.288786,373.5,P200,Shirt,Grocery,63.32,310.18,Debit Card,Regular
T00752,2023-09-09 07:06:00.288786,901.5,P378,Sofa,Electronics,254.49,647.01,Cash,Regular
T00753,2024-04-28 19:15:02.288786,769.02,P996,Toy Car,Furniture,425.09,343.93,Online Payment,New
T00754,2024-05-15 20:09:00.288786,544.18,P378,Laptop,Electronics,289.96,254.22,Credit Card,New
T00755,2024-08-03 14:43:28.288786,282.65,P723,Toy Car,Clothing,502.86,-220.21,Cash,Loyal
T00756,2024-06-01 01:46:56.288786,992.32,P545,Toy Car,Furniture,561.63,430.69,Credit Card,Loyal
T00757,2024-07-07 19:19:19.288786,551.94,P923,Sofa,Toys,465.08,86.86,Credit Card,New
T00758,2024-04-09 12:45:59.288786,440.12,P176,Sofa,Grocery,586.97,-146.85,Credit Card,Loyal
T00759,2023-11-28 13:53:01.288786,460.1,P790,Laptop,Toys,309.87,150.23,Debit Card,New
T00760,2024-05-06 20:42:18.288786,497.23,P104,Laptop,Toys,674.27,-177.04,Cash,Loyal
T00761,2024-06-19 05:31:07.288786,298.13,P438,Apple,Electronics,523.69,-225.56,Debit Card,Loyal
T00762,2023-10-13 05:52:48.288786,567.5,P478,Toy Car,Grocery,327.63,239.87,Credit Card,New
T00763,2024-01-28 19:50:48.288786,524.53,P483,Sofa,Grocery,183.95,340.58,Online Payment,Regular
T00764,2024-07-09 15:12:33.288786,776.14,P348,Shirt,Clothing,205.65,570.49,Credit Card,Regular
T00765,2023-09-15 16:29:47.288786,467.17,P627,Sofa,Clothing,34.23,432.94,Cash,New
T00766,2024-01-31 11:54:33.288786,448.58,P942,Shirt,Toys,576.86,-128.28,Credit Card,New
T00767,2023-10-21 06:59:53.288786,775.15,P834,Laptop,Toys,608.67,166.48,Debit Card,Regular
T00768,2023-11-22 04:21:57.288786,123.08,P699,Laptop,Furniture,474.03,-350.95,Cash,New
T00769,2024-04-12 20:26:35.288786,85.42,P570,Laptop,Furniture,715.9,-630.48,Credit Card,Regular
T00770,2024-03-04 21:32:44.288786,996.64,P594,Shirt,Furniture,603.15,393.49,Online Payment,Regular
T00771,2023-08-25 14:41:59.288786,971.59,P728,Toy Car,Electronics,599.04,372.55,Debit Card,Loyal
T00772,2024-01-17 07:21:36.288786,968.6,P387,Sofa,Electronics,33.96,934.64,Online Payment,Regular
T00773,2023-09-22 14:00:45.288786,39.18,P882,Shirt,Toys,564.33,-525.15,Credit Card,Loyal
T00774,2024-05-18 21:24:33.288786,640.07,P203,Sofa,Toys,761.25,-121.18,Debit Card,New
T00775,2024-07-30 14:38:19.288786,781.54,P731,Toy Car,Grocery,510.03,271.51,Debit Card,Loyal
T00776,2024-04-25 17:39:40.288786,726.44,P813,Shirt,Toys,492.07,234.37,Online Payment,Loyal
T00777,2024-04-18 10:14:30.288786,111.14,P810,Sofa,Electronics,257.5,-146.36,Credit Card,Regular
T00778,2024-04-27 22:33:32.288786,688.85,P214,Laptop,Toys,533.98,154.87,Cash,Loyal
T00779,2023-10-14 08:11:30.288786,729.93,P643,Shirt,Grocery,405.16,324.77,Online Payment,New
T00780,2024-04-26 16:57:34.288786,570.52,P371,Toy Car,Clothing,565.61,4.91,Debit Card,Loyal
T00781,2024-06-10 05:55:42.288786,999.07,P442,Toy Car,Electronics,76.59,922.48,Debit Card,New
T00782,2024-08-04 22:14:06.288786,604.56,P477,Apple,Clothing,673.5,-68.94,Debit Card,Loyal
T00783,2023-11-18 01:41:24.288786,659.77,P627,Toy Car,Grocery,648.95,10.82,Credit Card,Regular
T00784,2024-01-19 03:27:46.288786,661.2,P171,Toy Car,Toys,435.66,225.54,Debit Card,Regular
T00785,2023-12-24 14:17:29.288786,563.45,P224,Apple,Clothing,245.03,318.42,Credit Card,New
T00786,2024-03-08 21:50:39.288786,471.99,P973,Toy Car,Grocery,555.64,-83.65,Cash,Regular
T00787,2024-06-18 16:24:37.288786,618.63,P676,Apple,Electronics,39.91,578.72,Debit Card,Regular
T00788,2024-02-03 11:15:41.288786,387.37,P802,Toy Car,Toys,698.76,-311.39,Debit Card,Loyal
T00789,2023-11-08 02:49:45.288786,603.88,P455,Apple,Grocery,549.39,54.49,Online Payment,New
T00790,2024-03-14 19:02:41.288786,409.49,P407,Apple,Grocery,261.44,148.05,Online Payment,Loyal
T00791,2023-10-13 05:52:10.288786,471.21,P918,Shirt,Clothing,463.98,7.23,Online Payment,Loyal
T00792,2024-04-15 12:22:16.288786,744.03,P943,Sofa,Furniture,57.86,686.17,Cash,Regular
T00793,2024-06-26 11:39:14.288786,570.52,P229,Sofa,Grocery,375.28,195.24,Cash,Regular
T00794,2023-08-24 00:36:35.288786,703.07,P371,Laptop,Furniture,81.94,621.13,Online Payment,New
T00795,2023-09-26 00:09:00.288786,243.51,P259,Shirt,Toys,150.75,92.76,Online Payment,New
T00796,2024-07-16 03:22:28.288786,431.37,P113,Sofa,Electronics,740.38,-309.01,Online Payment,Loyal
T00797,2023-12-09 08:43:38.288786,80.01,P906,Sofa,Grocery,17.63,62.38,Online Payment,Regular
T00798,2024-05-02 11:11:08.288786,967.53,P570,Toy Car,Electronics,466.64,500.89,Cash,Loyal
T00799,2024-02-05 06:27:24.288786,316.03,P813,Toy Car,Grocery,677.38,-361.35,Credit Card,New
T00800,2024-08-11 23:48:07.288786,638.24,P153,Laptop,Grocery,616.94,21.3,Credit Card,Regular
T00801,2024-05-29 20:24:12.288786,440.02,P873,Toy Car,Toys,694.0,-253.98,Credit Card,Loyal
T00802,2024-06-10 08:43:02.288786,652.48,P854,Toy Car,Furniture,753.3,-100.82,Credit Card,Loyal
T00803,2024-02-13 20:17:55.288786,136.55,P624,Shirt,Electronics,414.02,-277.47,Cash,New
T00804,2024-08-10 21:37:31.288786,762.85,P963,Apple,Furniture,93.79,669.06,Cash,New
T00805,2024-01-20 00:18:29.288786,230.64,P332,Apple,Clothing,416.5,-185.86,Credit Card,New
T00806,2024-03-07 06:16:10.288786,449.03,P816,Apple,Toys,427.65,21.38,Credit Card,Loyal
T00807,2024-04-03 21:08:06.288786,149.68,P623,Toy Car,Toys,767.21,-617.53,Online Payment,Loyal
T00808,2024-05-23 08:10:13.288786,639.1,P694,Toy Car,Clothing,161.51,477.59,Debit Card,Regular
T00809,2024-07-28 12:34:11.288786,275.04,P113,Apple,Grocery,389.04,-114.0,Online Payment,New
T00810,2024-03-22 02:19:29.288786,715.62,P463,Shirt,Toys,99.27,616.35,Credit Card,Regular
T00811,2024-08-08 17:45:39.288786,626.25,P427,Apple,Grocery,563.41,62.84,Online Payment,Regular
T00812,2024-04-28 05:46:03.288786,531.76,P456,Sofa,Clothing,14.32,517.44,Online Payment,Regular
T00813,2024-05-25 13:19:47.288786,519.88,P334,Toy Car,Electronics,190.41,329.47,Cash,Regular
T00814,2023-11-05 05:41:09.288786,570.33,P373,Shirt,Furniture,570.92,-0.59,Cash,Regular
T00815,2024-02-13 11:15:08.288786,501.83,P469,Shirt,Furniture,331.63,170.2,Online Payment,Regular
T00816,2024-06-10 06:13:38.288786,238.17,P399,Laptop,Electronics,701.49,-463.32,Credit Card,Regular
T00817,2024-01-17 03:12:52.288786,751.08,P317,Laptop,Electronics,576.2,174.88,Online Payment,Regular
T00818,2024-06-21 15:47:16.288786,272.18,P424,Laptop,Toys,262.1,10.08,Cash,New
T00819,2023-09-09 19:45:56.288786,600.47,P531,Laptop,Grocery,520.11,80.36,Debit Card,New
T00820,2024-04-20 02:40:29.288786,576.45,P186,Toy Car,Electronics,506.86,69.59,Credit Card,Regular
T00821,2024-03-23 13:15:28.288786,354.64,P348,Sofa,Furniture,546.51,-191.87,Debit Card,New
T00822,2024-02-22 21:51:09.288786,286.65,P277,Shirt,Clothing,65.29,221.36,Debit Card,Regular
T00823,2024-02-20 23:24:47.288786,256.1,P517,Shirt,Furniture,648.84,-392.74,Credit Card,Regular
T00824,2024-03-26 08:17:01.288786,915.18,P470,Sofa,Grocery,280.29,634.89,Cash,Loyal
T00825,2023-11-26 16:07:00.288786,815.34,P847,Toy Car,Furniture,798.33,17.01,Debit Card,Regular
T00826,2023-10-09 20:34:15.288786,487.3,P314,Apple,Grocery,450.93,36.37,Cash,New
T00827,2024-03-13 05:42:08.288786,975.17,P472,Sofa,Furniture,713.76,261.41,Cash,Regular
T00828,2023-11-05 20:49:07.288786,708.43,P357,Apple,Grocery,799.4,-90.97,Credit Card,Loyal
T00829,2023-10-02 21:45:17.288786,186.3,P674,Toy Car,Clothing,92.92,93.38,Credit Card,New
T00830,2024-04-09 18:36:33.288786,299.2,P828,Sofa,Electronics,781.95,-482.75,Cash,Loyal
T00831,2024-07-02 20:02:19.288786,495.02,P913,Laptop,Grocery,611.72,-116.7,Debit Card,Loyal
T00832,2024-02-05 09:45:20.288786,200.47,P718,Toy Car,Clothing,90.28,110.19,Credit Card,Loyal
T00833,2023-11-13 06:40:34.288786,938.44,P760,Laptop,Toys,479.43,459.01,Cash,Loyal
T00834,2023-12-31 00:14:30.288786,815.06,P437,Toy Car,Clothing,402.8,412.26,Online Payment,Loyal
T00835,2024-06-15 18:27:03.288786,704.09,P290,Sofa,Clothing,343.05,361.04,Debit Card,Loyal
T00836,2024-07-27 20:05:07.288786,479.72,P231,Laptop,Clothing,687.06,-207.34,Debit Card,Regular
T00837,2023-12-16 23:20:23.288786,370.33,P533,Laptop,Electronics,159.89,210.44,Credit Card,Loyal
T00838,2024-01-17 07:20:30.288786,920.48,P513,Apple,Toys,646.29,274.19,Cash,Loyal
T00839,2024-05-18 07:45:07.288786,406.39,P680,Shirt,Clothing,316.23,90.16,Debit Card,New
T00840,2024-01-04 04:52:50.288786,717.03,P275,Shirt,Clothing,335.34,381.69,Credit Card,New
T00841,2023-12-15 04:59:59.288786,986.5,P215,Apple,Electronics,271.77,714.73,Credit Card,New
T00842,2023-10-12 05:17:44.288786,262.85,P523,Sofa,Furniture,404.09,-141.24,Online Payment,New
T00843,2024-07-04 15:06:40.288786,795.39,P509,Apple,Furniture,572.19,223.2,Debit Card,New
T00844,2024-04-04 07:14:02.288786,945.3,P805,Apple,Clothing,479.36,465.94,Cash,Regular
T00845,2024-05-17 16:12:45.288786,548.36,P927,Laptop,Electronics,422.26,126.1,Online Payment,New
T00846,2024-06-17 02:19:48.288786,387.57,P365,Shirt,Furniture,553.04,-165.47,Cash,Loyal
T00847,2024-06-01 10:59:05.288786,315.31,P891,Laptop,Clothing,564.27,-248.96,Cash,New
T00848,2024-06-10 18:30:24.288786,666.14,P698,Shirt,Clothing,296.94,369.2,Online Payment,Loyal
T00849,2024-07-13 21:49:02.288786,879.86,P995,Shirt,Toys,269.43,610.43,Credit Card,Loyal
T00850,2024-07-05 08:01:52.288786,488.26,P812,Toy Car,Toys,195.34,292.92,Online Payment,Loyal
T00851,2024-01-04 09:07:07.288786,578.82,P331,Shirt,Furniture,594.45,-15.63,Credit Card,Loyal
T00852,2023-09-02 04:59:33.288786,774.27,P920,Sofa,Toys,14.57,759.7,Credit Card,Regular
T00853,2024-01-16 04:49:29.288786,608.18,P906,Shirt,Grocery,787.81,-179.63,Debit Card,Regular
T00854,2023-09-14 22:00:50.288786,480.03,P906,Sofa,Electronics,603.47,-123.44,Online Payment,Loyal
T00855,2024-01-07 16:54:34.288786,542.94,P356,Shirt,Clothing,382.87,160.07,Debit Card,Regular
T00856,2024-04-19 02:03:55.288786,365.31,P362,Apple,Toys,199.39,165.92,Cash,New
T00857,2023-09-21 22:59:02.288786,301.3,P655,Sofa,Clothing,341.08,-39.78,Cash,Loyal
T00858,2023-09-26 21:45:31.288786,591.13,P373,Toy Car,Furniture,696.26,-105.13,Online Payment,Loyal
T00859,2024-06-13 09:50:05.288786,555.97,P751,Toy Car,Grocery,276.34,279.63,Debit Card,New
T00860,2023-12-20 12:28:25.288786,682.15,P878,Sofa,Furniture,242.96,439.19,Debit Card,Loyal
T00861,2024-05-13 02:45:31.288786,228.61,P963,Shirt,Furniture,745.41,-516.8,Credit Card,Regular
T00862,2024-01-07 16:29:05.288786,675.75,P617,Apple,Furniture,508.12,167.63,Debit Card,New
T00863,2023-12-11 00:50:46.288786,478.24,P305,Laptop,Toys,554.03,-75.79,Cash,Loyal
T00864,2024-02-07 04:07:50.288786,699.76,P641,Sofa,Grocery,699.09,0.67,Online Payment,Loyal
T00865,2023-09-14 02:48:05.288786,910.57,P807,Apple,Furniture,141.64,768.93,Cash,Regular
T00866,2023-09-30 13:21:36.288786,555.8,P258,Shirt,Clothing,328.06,227.74,Cash,Loyal
T00867,2023-11-04 23:15:25.288786,473.51,P449,Shirt,Toys,50.2,423.31,Cash,Regular
T00868,2024-07-03 16:43:19.288786,891.32,P524,Laptop,Electronics,397.38,493.94,Credit Card,Loyal
T00869,2024-01-04 15:39:40.288786,668.39,P781,Toy Car,Grocery,424.79,243.6,Debit Card,New
T00870,2024-01-10 06:03:58.288786,484.95,P880,Laptop,Furniture,338.78,146.17,Online Payment,New
T00871,2023-09-17 18:09:35.288786,379.59,P470,Shirt,Grocery,713.37,-333.78,Credit Card,Loyal
T00872,2024-08-04 01:46:40.288786,913.58,P626,Sofa,Toys,680.3,233.28,Debit Card,New
T00873,2024-06-13 20:24:03.288786,982.36,P863,Sofa,Electronics,639.9,342.46,Online Payment,Regular
T00874,2023-12-02 20:47:42.288786,214.28,P518,Apple,Electronics,499.81,-285.53,Debit Card,Loyal
T00875,2024-07-01 13:03:57.288786,630.05,P221,Shirt,Grocery,94.27,535.78,Cash,Loyal
T00876,2024-05-28 19:34:50.288786,475.71,P645,Toy Car,Electronics,276.41,199.3,Cash,Loyal
T00877,2023-09-15 08:57:46.288786,929.78,P354,Apple,Grocery,72.0,857.78,Cash,New
T00878,2024-02-10 09:53:13.288786,466.7,P614,Shirt,Clothing,429.54,37.16,Credit Card,Regular
T00879,2024-01-11 14:42:58.288786,146.75,P420,Apple,Clothing,543.18,-396.43,Credit Card,New
T00880,2023-09-25 07:30:58.288786,580.84,P178,Laptop,Furniture,373.09,207.75,Online Payment,Regular
T00881,2024-06-23 04:15:36.288786,423.51,P368,Toy Car,Electronics,564.41,-140.9,Debit Card,Regular
T00882,2024-04-15 08:56:45.288786,315.75,P788,Laptop,Toys,454.58,-138.83,Online Payment,Loyal
T00883,2024-01-14 10:26:24.288786,904.45,P849,Toy Car,Toys,745.24,159.21,Debit Card,Loyal
T00884,2023-12-22 09:55:33.288786,420.34,P224,Laptop,Clothing,785.59,-365.25,Debit Card,Loyal
T00885,2024-05-12 00:21:48.288786,31.81,P272,Sofa,Electronics,283.31,-251.5,Online Payment,Loyal
T00886,2024-08-17 10:02:27.288786,346.66,P514,Laptop,Grocery,649.73,-303.07,Credit Card,New
T00887,2023-11-03 15:01:19.288786,550.06,P223,Shirt,Clothing,67.52,482.54,Debit Card,Regular
T00888,2023-12-18 13:51:09.288786,368.29,P335,Toy Car,Furniture,167.2,201.09,Debit Card,Regular
T00889,2024-04-24 19:39:49.288786,388.97,P832,Apple,Clothing,563.75,-174.78,Online Payment,Regular
T00890,2024-06-06 08:05:21.288786,229.31,P459,Laptop,Clothing,328.01,-98.7,Online Payment,Regular
T00891,2024-06-17 20:49:39.288786,367.96,P701,Shirt,Electronics,450.92,-82.96,Credit Card,Regular
T00892,2024-04-18 22:39:42.288786,53.57,P692,Sofa,Electronics,302.16,-248.59,Debit Card,New
T00893,2024-05-29 10:22:10.288786,289.02,P717,Laptop,Clothing,12.57,276.45,Cash,Loyal
T00894,2024-08-07 19:58:19.288786,831.95,P202,Toy Car,Electronics,766.9,65.05,Credit Card,Regular
T00895,2024-06-10 12:41:27.288786,314.9,P367,Sofa,Toys,726.91,-412.01,Debit Card,New
T00896,2024-03-04 17:08:36.288786,759.04,P143,Apple,Furniture,588.87,170.17,Credit Card,Loyal
T00897,2024-02-03 01:13:14.288786,636.13,P405,Laptop,Toys,49.57,586.56,Credit Card,Loyal
T00898,2024-04-24 12:08:52.288786,702.39,P169,Laptop,Toys,342.68,359.71,Cash,New
T00899,2024-06-22 11:50:42.288786,298.31,P231,Sofa,Electronics,452.68,-154.37,Online Payment,Loyal
T00900,2023-12-04 22:57:05.288786,740.65,P471,Toy Car,Toys,788.38,-47.73,Cash,New
T00901,2024-03-03 07:56:54.288786,880.68,P294,Apple,Clothing,669.45,211.23,Credit Card,Regular
T00902,2023-12-13 14:38:24.288786,183.44,P798,Apple,Clothing,585.12,-401.68,Online Payment,Regular
T00903,2024-04-27 20:57:55.288786,142.37,P311,Apple,Furniture,424.67,-282.3,Online Payment,Loyal
T00904,2023-10-13 07:42:20.288786,452.46,P315,Apple,Furniture,789.72,-337.26,Online Payment,Regular
T00905,2024-06-21 16:19:56.288786,789.85,P312,Sofa,Furniture,732.72,57.13,Debit Card,Loyal
T00906,2024-04-18 10:58:54.288786,417.13,P617,Toy Car,Electronics,687.98,-270.85,Online Payment,Regular
T00907,2024-03-29 11:47:15.288786,502.91,P364,Toy Car,Furniture,452.9,50.01,Credit Card,New
T00908,2023-09-20 15:19:37.288786,784.99,P466,Sofa,Electronics,204.22,580.77,Cash,New
T00909,2023-11-25 04:16:32.288786,143.43,P395,Toy Car,Electronics,457.41,-313.98,Cash,Loyal
T00910,2023-10-11 15:41:58.288786,187.0,P939,Laptop,Toys,106.35,80.65,Online Payment,New
T00911,2023-11-06 18:42:19.288786,786.77,P797,Shirt,Clothing,209.05,577.72,Credit Card,Regular
T00912,2024-04-06 18:07:10.288786,699.94,P196,Sofa,Clothing,745.49,-45.55,Credit Card,Regular
T00913,2024-05-14 22:23:16.288786,798.45,P982,Toy Car,Clothing,730.76,67.69,Credit Card,New
T00914,2024-04-06 22:18:31.288786,763.87,P554,Sofa,Grocery,466.59,297.28,Debit Card,Regular
T00915,2024-06-04 10:10:38.288786,349.63,P368,Sofa,Furniture,748.9,-399.27,Debit Card,Regular
T00916,2024-05-22 23:03:46.288786,213.55,P525,Apple,Furniture,386.55,-173.0,Debit Card,New
T00917,2023-12-04 14:51:22.288786,198.77,P186,Laptop,Toys,111.98,86.79,Cash,Regular
T00918,2023-09-21 19:17:21.288786,620.18,P760,Apple,Grocery,108.29,511.89,Debit Card,Loyal
T00919,2024-05-12 17:22:42.288786,458.08,P722,Apple,Clothing,638.79,-180.71,Debit Card,Regular
T00920,2024-02-06 06:06:39.288786,422.13,P305,Toy Car,Toys,59.32,362.81,Credit Card,Regular
T00921,2023-10-07 19:32:34.288786,814.96,P382,Laptop,Electronics,110.6,704.36,Credit Card,Loyal
T00922,2024-08-07 02:59:16.288786,844.18,P163,Shirt,Toys,134.63,709.55,Cash,New
T00923,2024-03-31 02:22:34.288786,754.88,P263,Laptop,Furniture,531.24,223.64,Cash,New
T00924,2023-10-14 07:06:54.288786,138.7,P205,Toy Car,Grocery,235.67,-96.97,Online Payment,New
T00925,2024-06-17 23:45:46.288786,88.75,P849,Sofa,Toys,566.05,-477.3,Credit Card,New
T00926,2024-08-03 14:59:07.288786,120.46,P302,Toy Car,Electronics,669.84,-549.38,Credit Card,Loyal
T00927,2023-08-29 01:26:01.288786,993.33,P955,Toy Car,Grocery,60.76,932.57,Online Payment,Regular
T00928,2024-07-08 11:09:55.288786,26.25,P639,Shirt,Clothing,111.41,-85.16,Online Payment,Loyal
T00929,2024-06-15 14:25:04.288786,837.09,P617,Apple,Grocery,708.84,128.25,Cash,Regular
T00930,2024-08-16 21:41:49.288786,244.48,P957,Sofa,Clothing,336.92,-92.44,Online Payment,Regular
T00931,2024-04-24 08:07:01.288786,865.27,P965,Laptop,Furniture,57.32,807.95,Cash,New
T00932,2024-04-03 21:13:42.288786,911.71,P939,Laptop,Clothing,5.19,906.52,Online Payment,Loyal
T00933,2023-10-03 07:53:52.288786,859.17,P378,Sofa,Clothing,346.2,512.97,Debit Card,Regular
T00934,2023-10-26 04:19:44.288786,906.57,P403,Shirt,Toys,10.16,896.41,Online Payment,New
T00935,2024-06-30 10:41:17.288786,421.59,P520,Sofa,Toys,506.31,-84.72,Online Payment,Regular
T00936,2023-10-01 17:49:13.288786,649.94,P860,Shirt,Grocery,237.66,412.28,Credit Card,Loyal
T00937,2023-10-16 20:03:49.288786,691.43,P485,Shirt,Toys,244.25,447.18,Online Payment,Regular
T00938,2023-09-20 22:12:16.288786,69.73,P925,Shirt,Toys,108.35,-38.62,Online Payment,Regular
T00939,2024-07-23 08:17:55.288786,44.95,P439,Apple,Furniture,17.01,27.94,Debit Card,Regular
T00940,2023-10-11 20:58:50.288786,770.92,P409,Toy Car,Electronics,585.22,185.7,Online Payment,Loyal
T00941,2023-08-31 13:28:50.288786,442.39,P973,Apple,Clothing,147.32,295.07,Credit Card,Regular
T00942,2024-03-02 09:31:47.288786,515.41,P185,Toy Car,Electronics,631.92,-116.51,Online Payment,Regular
T00943,2024-07-17 13:12:22.288786,793.39,P908,Toy Car,Electronics,472.94,320.45,Debit Card,New
T00944,2023-12-15 13:42:55.288786,329.13,P712,Toy Car,Electronics,507.24,-178.11,Debit Card,New
T00945,2024-04-11 21:00:56.288786,873.88,P805,Laptop,Clothing,503.34,370.54,Debit Card,Regular
T00946,2023-11-22 04:10:30.288786,385.69,P560,Toy Car,Electronics,266.97,118.72,Cash,New
T00947,2023-11-13 04:01:53.288786,653.05,P620,Toy Car,Furniture,560.1,92.95,Online Payment,New
T00948,2023-09-23 03:11:57.288786,16.2,P755,Laptop,Grocery,736.33,-720.13,Online Payment,Regular
T00949,2023-10-26 04:28:48.288786,214.45,P610,Shirt,Grocery,127.82,86.63,Credit Card,Loyal
T00950,2024-07-18 20:45:13.288786,474.67,P695,Laptop,Clothing,662.43,-187.76,Cash,New
T00951,2023-11-24 17:25:07.288786,200.8,P468,Laptop,Grocery,191.48,9.32,Online Payment,New
T00952,2023-08-24 06:22:37.288786,573.99,P597,Toy Car,Electronics,42.57,531.42,Debit Card,Regular
T00953,2023-11-15 05:08:41.288786,433.27,P509,Sofa,Electronics,472.84,-39.57,Cash,New
T00954,2024-08-12 04:12:17.288786,406.76,P551,Apple,Electronics,263.6,143.16,Online Payment,Loyal
T00955,2023-10-21 23:14:27.288786,357.38,P890,Apple,Furniture,193.6,163.78,Credit Card,Loyal
T00956,2024-03-25 14:24:38.288786,68.57,P150,Toy Car,Grocery,72.09,-3.52,Cash,Regular
T00957,2024-03-11 05:16:29.288786,19.09,P630,Laptop,Toys,292.53,-273.44,Debit Card,New
T00958,2023-12-04 10:49:21.288786,588.87,P346,Shirt,Furniture,247.03,341.84,Online Payment,New
T00959,2024-04-24 10:48:43.288786,304.42,P737,Shirt,Electronics,394.18,-89.76,Cash,Regular
T00960,2024-05-12 02:13:04.288786,330.38,P660,Apple,Toys,399.47,-69.09,Debit Card,Regular
T00961,2023-10-22 16:55:15.288786,820.75,P642,Sofa,Electronics,472.1,348.65,Credit Card,Regular
T00962,2023-11-12 20:07:25.288786,79.79,P872,Apple,Grocery,525.08,-445.29,Online Payment,New
T00963,2023-08-29 17:05:42.288786,788.89,P279,Sofa,Toys,538.13,250.76,Online Payment,New
T00964,2024-01-27 11:45:31.288786,986.67,P787,Shirt,Clothing,36.01,950.66,Cash,Regular
T00965,2023-09-17 16:13:32.289786,263.07,P632,Toy Car,Toys,788.49,-525.42,Credit Card,Regular
T00966,2024-05-05 21:40:26.289786,498.36,P215,Apple,Grocery,274.5,223.86,Online Payment,Regular
T00967,2023-08-22 15:36:36.289786,297.61,P190,Sofa,Toys,290.82,6.79,Debit Card,Regular
T00968,2024-05-20 23:44:44.289786,256.49,P478,Apple,Grocery,61.71,194.78,Online Payment,Regular
T00969,2023-12-01 00:58:36.289786,183.35,P131,Shirt,Electronics,344.4,-161.05,Cash,Regular
T00970,2024-02-16 10:06:02.289786,636.88,P364,Shirt,Toys,369.49,267.39,Cash,Regular
T00971,2024-03-20 15:36:59.289786,764.15,P350,Apple,Clothing,138.03,626.12,Credit Card,Loyal
T00972,2023-09-15 18:39:05.289786,380.97,P969,Toy Car,Clothing,298.12,82.85,Credit Card,New
T00973,2024-07-09 21:04:00.289786,425.8,P142,Shirt,Furniture,704.81,-279.01,Cash,Regular
T00974,2024-08-13 22:10:26.289786,748.2,P754,Shirt,Furniture,476.72,271.48,Online Payment,Regular
T00975,2024-01-01 10:56:43.289786,407.38,P125,Laptop,Toys,215.09,192.29,Cash,Loyal
T00976,2024-08-10 20:33:27.289786,925.62,P527,Toy Car,Clothing,155.63,769.99,Debit Card,Loyal
T00977,2024-01-23 21:43:54.289786,49.6,P890,Sofa,Furniture,611.42,-561.82,Cash,New
T00978,2023-09-06 16:54:28.289786,777.49,P476,Shirt,Toys,750.6,26.89,Debit Card,Loyal
T00979,2024-02-04 14:06:11.289786,471.6,P609,Laptop,Electronics,780.42,-308.82,Debit Card,New
T00980,2023-10-30 08:15:23.289786,669.41,P111,Sofa,Electronics,387.38,282.03,Credit Card,Regular
T00981,2024-05-07 11:45:56.289786,585.19,P413,Laptop,Toys,337.54,247.65,Online Payment,Loyal
T00982,2024-03-23 03:28:35.289786,882.58,P448,Shirt,Furniture,768.39,114.19,Online Payment,Regular
T00983,2023-10-28 01:19:05.289786,145.43,P791,Toy Car,Toys,203.91,-58.48,Debit Card,Regular
T00984,2023-09-17 14:09:46.289786,978.75,P326,Shirt,Electronics,164.53,814.22,Cash,Loyal
T00985,2024-08-05 00:48:09.289786,414.94,P155,Laptop,Toys,625.63,-210.69,Debit Card,Regular
T00986,2023-09-25 00:04:22.289786,671.59,P815,Shirt,Electronics,628.82,42.77,Online Payment,New
T00987,2024-02-24 16:47:14.289786,709.89,P495,Shirt,Furniture,445.5,264.39,Cash,New
T00988,2024-07-02 10:24:01.289786,894.92,P516,Sofa,Clothing,475.36,419.56,Debit Card,New
T00989,2024-08-10 05:51:11.289786,601.24,P300,Sofa,Toys,730.14,-128.9,Credit Card,Loyal
T00990,2023-10-11 01:01:39.289786,126.52,P815,Toy Car,Furniture,710.53,-584.01,Online Payment,New
T00991,2024-05-15 05:10:53.289786,155.81,P356,Laptop,Grocery,775.23,-619.42,Cash,Regular
T00992,2024-06-25 05:43:01.289786,846.09,P188,Apple,Grocery,772.67,73.42,Online Payment,New
T00993,2024-04-23 02:23:49.289786,438.63,P345,Toy Car,Furniture,406.02,32.61,Debit Card,New
T00994,2024-06-16 09:09:24.289786,576.09,P914,Sofa,Electronics,327.31,248.78,Online Payment,Loyal
T00995,2023-09-24 07:31:07.289786,672.58,P641,Sofa,Toys,614.29,58.29,Credit Card,Regular
T00996,2024-04-27 10:42:43.289786,646.83,P660,Shirt,Furniture,216.64,430.19,Online Payment,Loyal
T00997,2024-03-23 01:57:52.289786,521.24,P256,Laptop,Toys,320.12,201.12,Cash,Loyal
T00998,2023-12-07 10:36:25.289786,415.01,P261,Apple,Clothing,448.72,-33.71,Credit Card,Regular
T00999,2023-09-24 09:58:52.289786,15.97,P588,Shirt,Furniture,548.85,-532.88,Credit Card,Regular
T01000,2024-06-12 04:58:36.289786,694.29,P742,Laptop,Clothing,555.39,138.9,Cash,Regular
