Transaction ID,Date and Time,Value,Product Code
T00001,2024-01-18 16:37:19.536499,493.34,P273
T00002,2024-01-08 12:36:08.536499,80.53,P797
T00003,2024-05-12 14:01:31.536499,818.22,P264
T00004,2024-03-11 08:27:24.536499,908.21,P367
T00005,2024-03-10 04:46:35.536499,769.32,P662
T00006,2023-11-21 14:37:30.536499,505.35,P594
T00007,2024-05-11 09:17:21.536499,186.79,P309
T00008,2024-07-05 04:06:37.536499,739.48,P330
T00009,2023-09-05 01:24:47.536499,933.01,P887
T00010,2023-10-25 18:18:08.536499,34.14,P502
T00011,2023-09-26 04:19:22.536499,313.66,P436
T00012,2024-04-03 17:01:05.536499,951.57,P973
T00013,2024-03-04 21:30:06.536499,663.3,P995
T00014,2023-12-22 23:11:50.536499,816.93,P251
T00015,2024-01-22 18:18:49.536499,352.13,P152
T00016,2023-12-21 22:05:25.536499,994.86,P922
T00017,2024-07-10 14:59:39.536499,768.57,P278
T00018,2023-12-24 08:54:06.536499,36.06,P587
T00019,2024-03-02 20:59:28.536499,748.67,P534
T00020,2024-07-31 04:13:09.536499,455.88,P853
T00021,2024-04-09 16:51:52.536499,524.6,P971
T00022,2024-07-26 15:24:34.536499,756.68,P180
T00023,2023-09-05 14:26:08.536499,604.52,P467
T00024,2023-10-11 15:38:53.536499,178.19,P973
T00025,2024-01-05 16:05:22.536499,148.62,P658
T00026,2023-09-25 06:21:12.536499,403.52,P960
T00027,2024-07-07 23:07:04.536499,172.7,P298
T00028,2024-06-10 08:20:15.536499,513.11,P401
T00029,2024-05-15 10:55:36.536499,827.1,P538
T00030,2023-11-28 07:00:53.536499,606.85,P302
T00031,2024-05-28 05:54:47.536499,274.5,P407
T00032,2024-02-12 11:26:22.536499,663.9,P849
T00033,2024-02-04 23:41:40.536499,126.74,P696
T00034,2024-05-07 01:53:51.536499,856.19,P696
T00035,2023-12-21 07:44:02.536499,164.91,P374
T00036,2024-02-12 18:55:53.536499,501.09,P405
T00037,2024-04-14 15:24:55.536499,179.97,P575
T00038,2023-09-05 14:18:05.536499,849.91,P530
T00039,2023-09-23 11:09:14.536499,396.63,P177
T00040,2024-01-08 23:52:08.536499,384.43,P166
T00041,2023-12-21 13:03:38.536499,622.17,P756
T00042,2023-09-24 15:38:24.536499,36.97,P348
T00043,2024-08-06 05:17:48.536499,704.34,P813
T00044,2024-03-27 16:48:35.536499,830.87,P861
T00045,2023-11-07 21:24:38.536499,685.4,P332
T00046,2024-06-19 06:05:01.536499,487.85,P715
T00047,2023-12-26 05:44:46.536499,627.74,P290
T00048,2024-07-02 23:38:02.536499,925.02,P552
T00049,2023-09-25 23:31:09.536499,301.1,P755
T00050,2023-11-22 20:50:25.536499,274.98,P445
T00051,2024-02-05 20:01:18.536499,171.9,P439
T00052,2024-01-18 10:05:51.536499,932.25,P973
T00053,2024-06-11 15:25:28.536499,839.29,P468
T00054,2024-08-15 05:58:18.536499,694.91,P529
T00055,2024-06-01 08:01:10.536499,630.53,P923
T00056,2023-09-29 15:35:05.536499,399.15,P845
T00057,2024-02-29 08:24:46.536499,779.07,P451
T00058,2023-12-31 08:10:38.536499,976.37,P267
T00059,2023-11-16 04:32:23.536499,958.85,P674
T00060,2023-09-22 09:25:58.536499,513.55,P477
T00061,2023-11-11 10:57:14.536499,65.63,P690
T00062,2024-02-14 20:48:23.536499,846.87,P106
T00063,2023-12-04 16:19:58.536499,334.49,P626
T00064,2023-10-29 14:45:10.536499,484.53,P661
T00065,2024-02-03 05:33:28.536499,327.88,P331
T00066,2023-12-10 00:52:31.536499,875.61,P936
T00067,2024-06-24 04:28:13.536499,416.14,P705
T00068,2023-09-07 02:29:19.536499,562.01,P285
T00069,2024-08-08 01:58:00.536499,549.25,P232
T00070,2024-02-10 02:10:19.536499,183.37,P140
T00071,2023-09-10 20:10:55.536499,938.6,P611
T00072,2024-05-26 04:53:57.536499,677.13,P467
T00073,2023-12-23 22:47:31.536499,551.72,P934
T00074,2024-01-07 23:52:06.536499,698.58,P634
T00075,2023-11-18 12:25:20.536499,537.64,P977
T00076,2023-11-05 21:24:59.536499,494.36,P104
T00077,2023-10-19 20:55:27.536499,730.79,P314
T00078,2023-12-22 19:28:11.536499,717.39,P914
T00079,2024-08-14 16:57:27.536499,473.67,P484
T00080,2023-12-26 02:02:39.536499,628.18,P913
T00081,2023-11-14 04:19:36.536499,471.17,P363
T00082,2024-03-30 12:41:55.536499,978.03,P168
T00083,2024-01-23 23:33:35.536499,733.24,P117
T00084,2024-01-11 10:20:15.536499,108.08,P103
T00085,2024-08-02 02:06:11.536499,500.92,P954
T00086,2023-10-27 20:07:50.536499,194.35,P270
T00087,2024-03-23 22:02:49.536499,884.09,P490
T00088,2023-12-16 22:36:51.536499,441.48,P816
T00089,2024-02-14 08:57:25.536499,190.09,P173
T00090,2023-12-29 21:04:17.536499,115.92,P116
T00091,2024-01-08 19:30:16.536499,607.71,P717
T00092,2024-06-03 12:13:28.536499,586.81,P348
T00093,2024-03-30 13:11:25.536499,69.61,P735
T00094,2024-01-22 01:01:30.536499,960.28,P178
T00095,2023-09-29 19:39:22.536499,456.21,P960
T00096,2023-11-05 01:48:10.536499,319.33,P651
T00097,2023-10-08 17:15:40.536499,716.32,P506
T00098,2023-08-25 17:46:07.536499,184.27,P445
T00099,2024-06-16 12:56:32.536499,823.89,P767
T00100,2024-03-18 02:12:33.536499,773.57,P685
T00101,2024-01-15 14:15:13.536499,717.09,P402
T00102,2024-02-04 03:45:41.536499,991.41,P473
T00103,2024-01-07 16:29:02.536499,422.32,P787
T00104,2023-12-13 21:27:32.536499,189.33,P135
T00105,2023-11-19 19:03:35.536499,898.85,P897
T00106,2024-06-25 14:38:23.536499,570.15,P202
T00107,2024-07-09 18:41:35.536499,253.37,P684
T00108,2023-09-05 12:28:10.536499,433.78,P581
T00109,2023-10-13 06:55:45.536499,836.95,P387
T00110,2024-03-07 00:19:31.536499,599.01,P484
T00111,2024-02-15 01:09:17.536499,280.76,P142
T00112,2024-04-15 12:17:42.536499,403.87,P386
T00113,2024-06-18 14:44:37.536499,330.69,P275
T00114,2023-10-17 21:53:28.536499,213.57,P401
T00115,2024-03-02 05:12:09.536499,800.86,P978
T00116,2024-01-11 09:43:18.536499,694.96,P193
T00117,2024-07-20 21:35:22.536499,50.38,P819
T00118,2024-05-29 07:55:46.536499,608.66,P218
T00119,2023-12-15 09:20:43.536499,921.63,P412
T00120,2024-05-08 22:05:50.536499,85.71,P561
T00121,2023-12-31 03:23:08.536499,949.94,P447
T00122,2024-04-03 10:55:14.536499,658.71,P697
T00123,2024-06-11 04:07:26.536499,436.76,P177
T00124,2023-12-01 19:47:16.536499,436.87,P198
T00125,2024-05-11 15:59:23.536499,577.7,P930
T00126,2023-09-13 19:40:14.536499,779.79,P835
T00127,2024-04-14 23:43:25.536499,725.18,P855
T00128,2024-01-22 21:05:24.536499,219.54,P822
T00129,2024-07-04 13:13:01.536499,924.08,P426
T00130,2024-02-19 17:35:12.536499,705.4,P283
T00131,2024-06-10 19:52:21.536499,369.83,P481
T00132,2024-05-06 14:48:43.536499,755.48,P824
T00133,2023-12-03 19:24:16.536499,363.89,P899
T00134,2023-12-02 22:58:15.536499,64.12,P440
T00135,2024-02-07 07:22:59.536499,439.46,P683
T00136,2023-11-26 03:08:37.536499,435.75,P860
T00137,2024-04-10 11:50:43.536499,771.17,P643
T00138,2023-09-02 01:25:05.536499,107.35,P764
T00139,2024-04-27 15:06:27.536499,528.58,P704
T00140,2024-08-10 20:20:38.536499,337.68,P276
T00141,2024-08-16 04:53:28.536499,531.21,P843
T00142,2023-11-20 15:00:57.536499,779.59,P219
T00143,2023-09-09 18:22:16.536499,342.68,P285
T00144,2023-12-19 03:23:39.536499,895.13,P237
T00145,2024-07-18 22:15:33.536499,709.7,P172
T00146,2023-11-14 04:32:57.536499,628.14,P678
T00147,2024-08-14 08:48:09.536499,683.13,P178
T00148,2024-05-26 20:07:14.536499,561.09,P936
T00149,2024-08-13 15:23:05.536499,310.27,P711
T00150,2024-04-18 23:33:25.536499,919.26,P974
T00151,2024-03-25 12:09:10.536499,664.94,P372
T00152,2023-10-24 03:37:30.536499,677.39,P249
T00153,2024-07-26 14:02:52.536499,380.27,P232
T00154,2023-11-19 13:39:37.536499,871.91,P335
T00155,2024-06-23 12:00:13.536499,993.21,P232
T00156,2023-12-06 16:09:33.536499,670.52,P936
T00157,2024-02-20 14:28:39.536499,434.84,P212
T00158,2024-07-02 03:03:58.536499,552.83,P859
T00159,2024-02-09 19:34:39.536499,668.12,P871
T00160,2024-06-22 09:26:24.536499,351.9,P725
T00161,2023-08-24 07:36:57.536499,74.92,P425
T00162,2023-10-09 10:51:15.536499,383.45,P775
T00163,2023-12-17 18:26:44.536499,665.24,P158
T00164,2024-04-28 23:13:14.536499,983.28,P137
T00165,2023-10-16 14:00:31.536499,42.09,P502
T00166,2024-07-25 17:16:39.536499,315.13,P915
T00167,2024-04-17 18:40:21.536499,109.95,P866
T00168,2023-12-17 01:21:35.536499,22.27,P638
T00169,2023-11-23 14:58:54.536499,281.06,P348
T00170,2023-08-28 20:15:24.536499,601.38,P336
T00171,2023-12-21 04:57:32.536499,456.24,P593
T00172,2023-11-28 01:44:27.536499,454.89,P252
T00173,2023-12-10 18:15:51.536499,394.91,P548
T00174,2023-11-09 17:54:42.536499,555.27,P961
T00175,2024-01-02 16:20:51.536499,515.21,P894
T00176,2024-07-12 02:22:40.536499,431.95,P857
T00177,2023-12-21 22:55:43.536499,258.96,P933
T00178,2023-08-26 23:49:33.536499,597.48,P150
T00179,2024-01-01 11:05:11.536499,915.37,P529
T00180,2023-12-09 12:38:29.536499,630.75,P286
T00181,2023-09-09 16:09:48.536499,317.87,P539
T00182,2024-02-24 12:02:26.536499,796.02,P965
T00183,2023-11-02 02:08:33.536499,467.93,P330
T00184,2023-10-09 06:16:27.536499,790.53,P840
T00185,2024-02-06 23:01:31.536499,702.53,P521
T00186,2023-11-24 04:54:33.536499,128.2,P329
T00187,2023-10-19 22:30:43.536499,701.52,P533
T00188,2024-06-22 23:40:13.536499,770.33,P237
T00189,2023-10-27 21:12:06.536499,553.85,P408
T00190,2023-09-14 20:30:04.536499,197.93,P933
T00191,2024-06-24 00:18:52.536499,444.57,P998
T00192,2023-10-27 11:00:30.536499,635.56,P106
T00193,2024-04-04 11:45:53.536499,829.64,P838
T00194,2024-03-27 07:27:36.536499,50.68,P231
T00195,2024-01-31 02:23:09.536499,633.34,P890
T00196,2024-05-07 22:24:07.536499,277.35,P621
T00197,2024-07-25 13:24:59.536499,876.68,P637
T00198,2024-05-01 20:01:54.536499,414.95,P972
T00199,2023-11-01 21:20:06.536499,721.19,P668
T00200,2024-06-20 19:27:42.536499,973.66,P562
T00201,2023-08-27 18:46:55.536499,671.76,P638
T00202,2024-03-12 01:19:21.536499,638.4,P822
T00203,2023-10-17 17:21:40.536499,771.9,P596
T00204,2023-10-08 17:38:56.536499,441.33,P712
T00205,2024-06-14 17:06:35.536499,814.1,P799
T00206,2024-06-28 11:07:16.536499,439.08,P670
T00207,2023-12-21 23:04:27.536499,948.77,P434
T00208,2024-06-02 06:33:01.536499,979.14,P525
T00209,2023-12-29 16:09:17.536499,790.22,P659
T00210,2024-02-23 13:50:05.536499,253.79,P283
T00211,2024-05-26 18:59:10.536499,706.73,P350
T00212,2024-07-05 12:03:12.536499,813.31,P123
T00213,2024-08-04 00:44:19.536499,110.32,P319
T00214,2024-02-02 12:13:35.536499,793.53,P257
T00215,2024-06-27 20:08:15.537514,467.34,P366
T00216,2023-09-21 03:25:18.537514,778.77,P181
T00217,2024-06-09 09:58:48.537514,927.07,P460
T00218,2024-01-13 03:52:31.537514,649.4,P309
T00219,2024-03-28 02:19:29.537514,775.09,P840
T00220,2024-07-30 14:22:26.537514,208.3,P750
T00221,2024-04-03 20:10:51.537514,530.01,P459
T00222,2023-12-18 11:49:32.537514,569.51,P993
T00223,2023-12-02 19:36:10.537514,127.29,P632
T00224,2023-12-23 09:21:51.537514,259.39,P314
T00225,2023-11-14 21:22:34.537514,868.52,P755
T00226,2023-08-31 12:37:26.537514,855.14,P190
T00227,2023-09-04 18:40:12.537514,583.95,P904
T00228,2024-06-13 09:28:48.537514,497.14,P396
T00229,2023-09-09 10:47:53.537514,966.36,P400
T00230,2024-06-04 14:27:09.537514,625.77,P824
T00231,2023-12-01 11:31:32.537514,432.21,P712
T00232,2023-11-30 11:47:08.537514,553.91,P521
T00233,2023-09-08 17:37:04.537514,91.12,P985
T00234,2024-07-03 11:40:41.537514,133.76,P545
T00235,2024-04-19 11:10:08.537514,763.14,P616
T00236,2023-10-06 02:54:32.537514,653.45,P644
T00237,2024-08-08 12:18:23.537514,562.97,P188
T00238,2023-11-02 03:08:48.537514,371.55,P179
T00239,2024-06-03 15:26:39.537514,451.13,P106
T00240,2024-07-21 22:47:03.537514,251.5,P234
T00241,2024-06-17 06:22:07.537514,760.91,P347
T00242,2024-01-12 03:14:17.537514,839.72,P330
T00243,2024-05-10 20:14:04.537514,531.91,P297
T00244,2023-10-24 09:18:21.537514,418.3,P121
T00245,2023-12-31 03:19:26.537514,884.33,P345
T00246,2023-10-16 08:22:51.537514,547.35,P686
T00247,2024-08-13 19:58:10.537514,865.41,P702
T00248,2024-01-23 11:49:19.537514,645.15,P805
T00249,2023-10-21 23:25:34.537514,817.71,P739
T00250,2023-11-12 12:38:34.537514,573.09,P930
T00251,2024-04-12 00:55:59.537514,430.55,P452
T00252,2023-09-06 04:33:42.537514,459.52,P339
T00253,2023-11-29 06:48:01.537514,739.76,P304
T00254,2023-09-27 22:10:10.537514,770.61,P284
T00255,2024-01-06 05:00:36.537514,345.92,P184
T00256,2024-06-07 17:06:23.537514,977.12,P622
T00257,2023-12-02 21:39:20.537514,692.93,P425
T00258,2024-05-12 22:51:21.537514,824.45,P928
T00259,2024-05-03 19:49:20.537514,743.02,P138
T00260,2024-03-27 16:20:47.537514,421.06,P352
T00261,2024-07-15 10:46:13.537514,996.11,P926
T00262,2023-10-05 18:50:05.537514,579.5,P974
T00263,2023-10-15 03:11:13.537514,68.89,P638
T00264,2024-06-09 06:08:46.537514,920.14,P115
T00265,2023-12-07 05:16:10.537514,936.53,P284
T00266,2024-01-08 13:56:37.537514,454.66,P532
T00267,2023-09-04 15:12:08.537514,187.39,P822
T00268,2023-12-27 21:57:25.537514,638.02,P410
T00269,2024-08-02 08:33:00.537514,897.51,P214
T00270,2024-03-15 22:51:07.537514,197.37,P427
T00271,2024-04-24 23:30:36.537514,746.81,P107
T00272,2023-11-25 05:14:46.537514,439.16,P591
T00273,2024-01-20 16:15:08.537514,139.16,P852
T00274,2024-02-19 21:32:05.537514,93.92,P139
T00275,2023-11-07 20:28:28.537514,849.56,P679
T00276,2023-09-16 22:45:48.537514,985.32,P357
T00277,2024-03-14 02:15:30.537514,464.6,P108
T00278,2024-05-26 04:27:32.537514,222.31,P407
T00279,2024-04-20 19:46:06.537514,406.49,P446
T00280,2024-03-13 09:32:31.537514,610.66,P508
T00281,2024-06-21 09:33:39.537514,243.53,P394
T00282,2024-08-04 09:21:32.537514,126.66,P857
T00283,2024-08-11 21:52:19.537514,918.14,P400
T00284,2023-10-25 12:59:54.537514,377.7,P600
T00285,2024-02-16 02:58:44.537514,561.35,P313
T00286,2023-12-09 20:59:12.537514,333.15,P301
T00287,2024-02-16 08:54:30.537514,55.82,P352
T00288,2023-11-26 14:59:53.537514,368.5,P197
T00289,2023-11-22 05:28:49.537514,871.32,P532
T00290,2024-07-23 13:15:00.537514,678.0,P148
T00291,2024-06-06 00:07:34.537514,181.99,P301
T00292,2024-08-04 20:48:03.537514,230.27,P655
T00293,2024-04-27 02:49:07.537514,19.05,P252
T00294,2023-08-30 03:28:14.537514,722.96,P572
T00295,2024-08-12 00:04:56.537514,150.49,P293
T00296,2024-04-18 23:31:25.537514,256.89,P738
T00297,2024-01-31 23:34:39.537514,479.49,P214
T00298,2023-09-24 17:30:13.537514,407.62,P530
T00299,2023-10-07 17:16:28.537514,665.95,P836
T00300,2024-07-22 01:58:35.537514,790.49,P269
T00301,2023-09-30 22:42:59.537514,411.37,P596
T00302,2024-02-14 23:01:07.537514,543.86,P313
T00303,2023-09-20 05:07:23.537514,440.59,P146
T00304,2023-10-13 13:04:37.537514,62.14,P342
T00305,2023-12-13 09:40:17.537514,881.05,P990
T00306,2023-12-17 07:34:57.537514,849.2,P541
T00307,2023-08-29 04:40:55.537514,659.45,P259
T00308,2024-02-13 01:16:53.537514,619.21,P641
T00309,2024-07-03 06:01:11.537514,334.86,P754
T00310,2024-05-11 23:07:29.537514,865.58,P887
T00311,2023-10-21 01:51:40.537514,736.28,P510
T00312,2024-05-10 19:44:32.537514,893.76,P214
T00313,2023-11-10 04:43:49.537514,547.66,P512
T00314,2024-07-04 09:28:32.537514,389.66,P231
T00315,2023-09-12 03:23:42.537514,401.51,P336
T00316,2024-02-16 04:33:35.537514,408.03,P220
T00317,2023-10-13 02:25:35.537514,474.4,P878
T00318,2024-04-19 16:49:47.537514,60.83,P480
T00319,2023-09-28 19:19:17.537514,691.03,P751
T00320,2024-04-25 09:31:44.537514,61.74,P111
T00321,2024-06-10 19:47:43.537514,855.93,P634
T00322,2024-03-06 11:08:49.537514,952.58,P815
T00323,2023-08-26 06:03:11.537514,303.14,P941
T00324,2024-07-09 06:40:16.537514,186.05,P780
T00325,2023-08-31 15:19:59.537514,419.39,P881
T00326,2024-04-02 23:12:54.537514,611.19,P512
T00327,2024-07-10 15:11:44.537514,925.02,P443
T00328,2024-07-02 06:04:17.537514,874.84,P115
T00329,2023-11-17 02:10:17.537514,13.75,P968
T00330,2023-12-07 16:33:42.537514,605.12,P603
T00331,2023-11-28 18:13:57.537514,848.39,P291
T00332,2023-08-23 06:58:48.537514,61.49,P120
T00333,2024-01-12 21:21:20.537514,899.71,P671
T00334,2024-01-07 17:49:53.537514,41.1,P413
T00335,2024-01-29 15:42:08.537514,297.84,P822
T00336,2024-03-20 23:38:29.537514,432.0,P533
T00337,2024-06-26 16:43:30.537514,71.67,P574
T00338,2024-06-14 00:05:26.537514,456.18,P136
T00339,2024-03-11 03:14:36.537514,464.31,P792
T00340,2024-02-28 16:26:25.537514,381.28,P351
T00341,2023-11-13 08:18:32.537514,514.17,P814
T00342,2024-03-19 23:55:42.537514,161.01,P889
T00343,2024-02-01 09:14:05.537514,109.73,P248
T00344,2024-04-16 09:45:16.537514,451.0,P429
T00345,2024-03-06 02:01:45.537514,344.2,P852
T00346,2024-04-03 11:48:11.537514,221.91,P925
T00347,2023-12-28 02:57:54.537514,262.67,P481
T00348,2024-01-31 18:36:30.537514,689.44,P717
T00349,2023-12-13 04:03:58.537514,157.67,P337
T00350,2023-10-14 09:57:02.537514,855.0,P366
T00351,2024-01-28 10:36:16.537514,939.49,P927
T00352,2023-12-06 20:50:06.537514,956.68,P750
T00353,2023-08-24 07:49:44.537514,584.47,P363
T00354,2024-08-15 18:48:23.537514,456.83,P111
T00355,2024-04-10 18:29:07.537514,541.21,P608
T00356,2024-01-25 22:17:53.537514,866.27,P454
T00357,2023-12-25 19:37:15.537514,781.94,P313
T00358,2024-04-02 05:25:52.537514,131.09,P838
T00359,2024-08-04 06:49:29.537514,278.93,P602
T00360,2024-06-18 11:52:08.537514,752.9,P443
T00361,2024-04-04 13:28:38.537514,166.34,P466
T00362,2024-08-06 15:54:07.537514,592.24,P516
T00363,2024-03-06 11:51:48.537514,416.43,P822
T00364,2023-10-06 01:11:31.537514,986.17,P621
T00365,2023-10-31 12:48:09.537514,62.82,P188
T00366,2024-07-25 17:32:07.537514,279.27,P514
T00367,2024-01-27 07:22:47.537514,209.55,P515
T00368,2023-11-21 04:01:42.537514,791.58,P827
T00369,2024-05-18 20:24:03.537514,907.01,P635
T00370,2024-02-18 23:23:10.537514,30.6,P429
T00371,2023-10-27 18:03:42.537514,231.89,P559
T00372,2024-01-09 11:47:48.537514,710.82,P786
T00373,2024-07-23 15:41:40.537514,206.95,P323
T00374,2024-05-20 14:17:44.537514,695.04,P248
T00375,2024-04-28 23:32:54.537514,331.21,P977
T00376,2024-06-07 03:21:56.537514,79.46,P139
T00377,2023-10-16 12:56:11.537514,536.99,P243
T00378,2023-09-20 23:09:06.537514,29.04,P856
T00379,2024-04-10 10:57:04.537514,154.81,P859
T00380,2024-04-01 08:52:15.537514,190.08,P934
T00381,2024-07-23 06:50:06.537514,840.47,P498
T00382,2023-12-11 10:14:52.537514,600.36,P373
T00383,2023-09-26 03:22:45.537514,228.62,P303
T00384,2024-04-10 10:55:06.537514,318.4,P162
T00385,2024-01-17 10:26:41.537514,399.07,P737
T00386,2023-08-29 10:43:18.537514,77.58,P931
T00387,2024-08-09 23:44:19.537514,776.99,P373
T00388,2023-11-06 04:46:47.537514,839.12,P591
T00389,2023-09-02 13:08:33.537514,688.76,P478
T00390,2023-11-28 17:42:17.537514,879.24,P332
T00391,2024-06-28 04:52:07.537514,51.17,P781
T00392,2024-01-13 15:18:41.537514,390.86,P230
T00393,2023-10-31 17:17:31.537514,516.69,P351
T00394,2023-12-22 04:11:53.537514,335.24,P725
T00395,2024-04-22 09:07:45.537514,271.98,P679
T00396,2023-08-23 04:43:11.537514,760.09,P221
T00397,2024-06-01 08:36:14.537514,229.35,P750
T00398,2024-06-20 17:02:04.537514,686.37,P915
T00399,2024-06-13 13:06:57.537514,458.89,P578
T00400,2023-12-14 06:17:05.537514,58.43,P211
T00401,2023-12-31 11:45:24.537514,66.4,P178
T00402,2024-04-28 07:07:02.537514,50.63,P616
T00403,2024-07-30 05:25:19.537514,593.07,P502
T00404,2023-09-18 19:16:46.537514,410.2,P361
T00405,2024-07-29 23:05:09.537514,620.36,P770
T00406,2024-06-28 08:57:35.537514,745.74,P623
T00407,2023-11-02 17:08:20.537514,822.96,P221
T00408,2024-08-08 18:14:18.537514,505.99,P462
T00409,2024-04-24 16:14:24.537514,512.91,P165
T00410,2024-04-28 14:08:39.537514,681.48,P699
T00411,2023-10-22 22:26:40.537514,38.33,P621
T00412,2023-08-30 09:38:43.537514,659.15,P853
T00413,2023-10-01 15:27:29.537514,809.03,P943
T00414,2024-05-22 21:05:47.537514,413.59,P895
T00415,2023-10-24 11:32:33.537514,899.48,P450
T00416,2024-04-23 21:43:39.537514,432.36,P234
T00417,2024-02-12 03:23:15.537514,787.68,P423
T00418,2024-02-17 14:25:00.537514,143.07,P334
T00419,2024-04-12 17:23:21.537514,253.31,P730
T00420,2024-07-20 09:10:53.537514,272.4,P661
T00421,2024-08-21 17:42:13.537514,950.87,P526
T00422,2023-12-21 13:12:05.537514,167.47,P836
T00423,2023-08-29 18:31:17.537514,233.66,P537
T00424,2024-06-05 18:41:18.537514,218.29,P983
T00425,2023-09-23 17:19:47.537514,181.86,P859
T00426,2024-01-21 01:15:43.537514,444.24,P520
T00427,2023-11-22 09:56:28.537514,230.29,P451
T00428,2023-09-28 06:42:35.537514,613.82,P210
T00429,2024-08-09 17:36:27.537514,233.37,P674
T00430,2024-05-03 16:00:34.537514,141.25,P690
T00431,2023-09-03 06:20:32.537514,428.37,P683
T00432,2024-06-24 22:17:50.537514,323.67,P642
T00433,2024-07-28 01:23:38.537514,376.87,P341
T00434,2024-05-26 03:23:10.537514,505.73,P366
T00435,2024-01-31 01:26:45.537514,655.43,P622
T00436,2023-09-12 13:26:54.537514,224.53,P796
T00437,2023-10-08 01:49:23.537514,493.33,P942
T00438,2023-11-12 00:06:23.537514,880.68,P348
T00439,2024-01-18 16:34:24.537514,357.19,P676
T00440,2023-11-16 15:08:02.537514,179.18,P235
T00441,2023-12-26 01:26:06.537514,262.33,P563
T00442,2023-12-21 19:05:07.537514,161.45,P559
T00443,2024-06-30 00:51:30.537514,501.05,P703
T00444,2023-11-29 03:51:33.537514,505.07,P538
T00445,2023-10-12 21:14:43.537514,631.49,P469
T00446,2024-02-16 03:03:36.537514,146.54,P505
T00447,2023-12-06 18:58:51.537514,451.61,P916
T00448,2024-02-26 19:54:42.537514,485.74,P726
T00449,2024-01-01 00:27:48.537514,363.57,P509
T00450,2023-11-05 12:03:57.537514,776.62,P414
T00451,2024-06-04 04:02:14.537514,359.32,P337
T00452,2024-08-13 23:16:21.537514,906.62,P506
T00453,2024-02-08 12:52:30.537514,309.06,P613
T00454,2023-10-05 13:36:19.537514,748.01,P477
T00455,2024-05-16 09:56:55.537514,960.17,P546
T00456,2024-07-19 12:39:02.537514,57.82,P347
T00457,2023-11-02 07:05:42.537514,580.09,P545
T00458,2024-06-09 10:58:46.537514,594.78,P776
T00459,2023-11-13 17:03:09.537514,132.27,P750
T00460,2024-05-19 12:13:56.537514,842.71,P990
T00461,2024-03-20 18:08:18.537514,193.32,P587
T00462,2023-11-04 22:57:40.537514,940.2,P165
T00463,2024-06-06 15:58:11.537514,945.66,P408
T00464,2023-12-18 11:12:07.537514,335.54,P396
T00465,2024-05-06 07:52:56.537514,356.48,P588
T00466,2023-11-17 06:49:48.537514,684.47,P616
T00467,2024-06-03 15:13:03.537514,104.68,P905
T00468,2024-08-18 08:38:49.537514,768.06,P211
T00469,2024-01-13 15:18:48.537514,560.69,P394
T00470,2024-04-13 12:50:50.537514,462.96,P834
T00471,2023-11-23 12:43:49.537514,643.21,P904
T00472,2023-11-08 05:55:06.537514,644.73,P254
T00473,2023-09-13 21:08:31.537514,897.17,P335
T00474,2023-12-06 19:26:07.537514,887.17,P519
T00475,2024-01-14 10:30:25.537514,157.57,P479
T00476,2024-07-23 12:19:47.537514,641.05,P497
T00477,2024-06-25 17:08:10.537514,706.16,P363
T00478,2024-02-19 18:47:02.537514,569.85,P714
T00479,2023-10-05 13:27:40.537514,602.83,P877
T00480,2024-04-11 10:10:55.537514,516.35,P881
T00481,2024-05-04 03:30:00.537514,745.26,P838
T00482,2024-04-22 09:42:05.537514,755.23,P418
T00483,2023-12-02 16:48:27.537514,367.76,P606
T00484,2024-01-01 02:16:13.537514,78.66,P804
T00485,2024-07-11 11:39:56.537514,202.33,P793
T00486,2024-03-11 05:50:25.537514,834.38,P100
T00487,2024-07-14 10:26:54.537514,491.11,P773
T00488,2023-09-10 18:01:09.537514,685.51,P933
T00489,2024-05-31 19:41:51.537514,142.91,P302
T00490,2024-08-21 18:00:22.537514,123.58,P336
T00491,2023-10-14 19:58:36.537514,321.51,P526
T00492,2024-01-01 05:34:53.537514,87.03,P294
T00493,2024-03-03 08:42:12.537514,236.54,P614
T00494,2023-10-24 14:41:09.537514,949.73,P100
T00495,2024-07-31 15:34:15.537514,68.87,P461
T00496,2024-05-04 18:19:39.537514,82.67,P308
T00497,2023-10-13 17:56:14.537514,581.71,P387
T00498,2023-10-17 20:41:45.537514,392.21,P105
T00499,2024-05-13 04:28:12.537514,924.41,P607
T00500,2024-06-22 06:19:23.537514,675.93,P557
T00501,2023-11-14 18:39:05.537514,973.66,P533
T00502,2024-03-31 15:15:41.537514,55.92,P105
T00503,2024-04-09 18:48:51.537514,275.47,P543
T00504,2024-06-23 13:55:19.537514,674.71,P811
T00505,2024-07-06 12:07:59.537514,470.78,P908
T00506,2023-09-28 15:27:57.537514,870.69,P571
T00507,2023-11-19 17:00:39.537514,413.28,P317
T00508,2024-06-08 04:52:14.537514,746.28,P598
T00509,2024-04-27 16:45:32.537514,611.04,P989
T00510,2024-03-14 15:47:57.537514,795.2,P107
T00511,2024-05-18 05:44:01.537514,924.51,P621
T00512,2024-06-05 02:50:20.537514,643.58,P729
T00513,2024-07-13 11:41:48.537514,43.23,P233
T00514,2023-10-16 15:55:04.537514,944.24,P356
T00515,2024-05-01 02:20:39.537514,744.27,P909
T00516,2024-06-24 10:09:05.537514,116.11,P608
T00517,2023-12-21 07:32:46.537514,372.57,P376
T00518,2024-08-07 16:51:57.537514,871.5,P763
T00519,2024-05-11 00:59:09.537514,848.48,P606
T00520,2024-03-07 02:47:28.537514,762.6,P922
T00521,2023-08-24 22:23:40.537514,769.06,P969
T00522,2024-04-30 18:08:22.537514,68.38,P215
T00523,2024-03-04 09:02:25.537514,909.74,P908
T00524,2023-09-03 10:13:34.537514,876.38,P368
T00525,2024-02-23 21:13:37.537514,804.31,P207
T00526,2023-08-30 13:52:09.537514,820.38,P813
T00527,2024-08-16 03:55:04.537514,86.52,P389
T00528,2024-02-09 23:20:42.537514,579.51,P352
T00529,2024-05-01 00:47:42.537514,892.34,P657
T00530,2024-04-07 03:15:41.537514,132.91,P496
T00531,2023-12-13 15:13:02.537514,678.93,P905
T00532,2023-10-25 20:53:16.537514,506.95,P231
T00533,2023-11-13 00:22:46.537514,484.6,P511
T00534,2023-10-13 17:01:21.537514,347.53,P387
T00535,2023-10-26 17:55:50.537514,529.6,P625
T00536,2023-12-21 07:22:58.537514,465.29,P391
T00537,2024-08-01 22:32:46.537514,601.13,P766
T00538,2023-10-22 12:53:14.537514,277.28,P384
T00539,2024-03-20 09:58:14.537514,260.47,P953
T00540,2024-06-20 09:15:54.537514,962.81,P508
T00541,2024-05-16 04:01:40.537514,564.95,P650
T00542,2024-03-16 09:03:11.537514,940.89,P938
T00543,2024-06-12 02:08:00.537514,125.82,P718
T00544,2023-08-31 06:30:19.537514,762.31,P702
T00545,2024-04-21 02:25:42.537514,911.06,P199
T00546,2024-05-03 10:05:59.537514,935.98,P565
T00547,2023-11-18 02:38:40.537514,51.28,P366
T00548,2024-08-09 01:53:25.537514,320.38,P411
T00549,2024-07-27 23:09:50.537514,638.78,P332
T00550,2024-04-22 21:15:46.538544,666.57,P715
T00551,2023-11-26 02:22:01.538544,827.83,P596
T00552,2024-04-04 21:37:47.538544,684.7,P518
T00553,2023-09-29 02:11:34.538544,59.22,P384
T00554,2024-01-29 22:15:05.538544,523.83,P982
T00555,2024-02-11 07:42:58.538544,318.57,P176
T00556,2024-08-18 03:17:03.538544,698.07,P333
T00557,2023-11-09 02:36:23.538544,264.13,P276
T00558,2024-04-19 22:06:41.538544,279.41,P642
T00559,2023-12-12 16:16:12.538544,429.2,P966
T00560,2023-09-07 12:50:49.538544,949.17,P657
T00561,2024-07-05 03:13:30.538544,906.62,P935
T00562,2024-02-03 15:33:55.538544,437.46,P938
T00563,2023-12-02 22:48:21.538544,578.05,P475
T00564,2023-11-03 16:07:04.538544,489.33,P375
T00565,2023-12-21 03:47:39.538544,183.22,P721
T00566,2024-07-16 04:23:11.538544,58.4,P431
T00567,2024-06-01 15:50:07.538544,691.14,P444
T00568,2024-02-24 17:55:54.538544,551.72,P611
T00569,2024-04-26 04:38:31.538544,726.79,P590
T00570,2023-12-27 08:35:52.538544,826.53,P329
T00571,2023-09-07 09:20:43.538544,782.26,P106
T00572,2024-01-19 14:25:37.538544,113.42,P435
T00573,2024-06-12 05:49:49.538544,384.93,P168
T00574,2024-02-11 18:33:55.538544,72.28,P338
T00575,2023-11-15 16:01:49.538544,727.34,P892
T00576,2023-09-05 11:01:09.538544,74.97,P448
T00577,2024-03-19 08:54:55.538544,657.91,P454
T00578,2023-12-15 05:12:20.538544,311.58,P870
T00579,2024-07-19 22:56:01.538544,442.3,P704
T00580,2024-01-29 04:54:10.538544,66.58,P802
T00581,2024-05-31 18:29:50.538544,766.59,P733
T00582,2024-05-16 22:51:10.538544,560.98,P186
T00583,2024-04-02 13:21:21.538544,546.13,P800
T00584,2024-03-05 11:39:08.538544,499.3,P831
T00585,2024-07-19 23:18:28.538544,178.0,P419
T00586,2023-08-27 15:23:46.538544,946.73,P477
T00587,2024-03-30 16:10:08.538544,951.56,P622
T00588,2023-09-30 21:29:35.538544,856.06,P373
T00589,2024-08-14 07:54:23.538544,383.14,P848
T00590,2024-08-11 04:54:07.538544,871.4,P159
T00591,2024-02-08 14:24:57.538544,628.62,P814
T00592,2024-01-09 08:20:41.538544,87.49,P662
T00593,2024-08-09 16:58:14.538544,144.77,P276
T00594,2024-05-02 12:34:15.538544,435.5,P475
T00595,2023-09-04 05:01:12.538544,577.26,P765
T00596,2024-03-16 13:58:19.538544,252.48,P400
T00597,2024-01-22 14:11:45.538544,308.61,P957
T00598,2023-11-27 08:27:31.538544,355.45,P247
T00599,2024-06-03 23:57:03.538544,62.02,P573
T00600,2024-07-26 08:59:43.538544,154.08,P500
T00601,2023-09-04 21:52:30.538544,307.3,P977
T00602,2023-12-21 23:27:32.538544,442.34,P639
T00603,2024-07-24 12:05:24.538544,74.36,P219
T00604,2023-09-07 20:47:07.538544,738.95,P900
T00605,2023-09-01 16:42:37.538544,218.0,P991
T00606,2024-04-28 01:02:11.538544,46.33,P310
T00607,2024-07-01 16:11:54.538544,274.54,P837
T00608,2023-08-23 06:56:09.538544,628.0,P890
T00609,2024-04-07 18:57:47.538544,211.96,P180
T00610,2024-05-23 03:07:00.538544,349.63,P926
T00611,2023-09-19 16:54:43.538544,448.62,P302
T00612,2024-07-05 07:41:10.538544,511.28,P743
T00613,2023-11-25 20:46:59.538544,993.12,P250
T00614,2023-10-23 00:01:19.538544,595.29,P999
T00615,2024-06-19 22:34:23.538544,157.6,P623
T00616,2024-06-29 00:53:42.538544,733.02,P608
T00617,2024-01-01 14:12:26.538544,213.23,P847
T00618,2024-05-22 19:21:51.538544,357.89,P499
T00619,2024-01-17 15:20:22.538544,477.5,P884
T00620,2023-10-17 19:00:12.538544,559.32,P235
T00621,2023-08-30 18:12:37.538544,720.65,P231
T00622,2024-01-31 13:18:28.538544,237.41,P253
T00623,2024-05-14 10:36:31.538544,115.66,P419
T00624,2024-04-17 08:47:36.538544,169.68,P504
T00625,2023-10-18 05:34:10.538544,156.87,P879
T00626,2024-01-26 20:07:32.538544,661.15,P463
T00627,2023-09-25 17:58:02.538544,758.9,P938
T00628,2023-12-04 10:54:58.538544,309.55,P595
T00629,2024-02-28 01:02:44.538544,91.98,P652
T00630,2023-10-03 18:25:10.538544,576.37,P509
T00631,2023-12-06 11:49:58.538544,879.18,P674
T00632,2023-09-10 05:17:33.538544,197.34,P818
T00633,2024-08-14 09:31:12.538544,790.71,P703
T00634,2024-07-27 02:38:00.538544,667.6,P611
T00635,2024-06-25 12:32:31.538544,540.94,P724
T00636,2024-07-18 19:36:33.538544,612.85,P201
T00637,2024-04-13 05:08:35.538544,451.26,P495
T00638,2024-05-17 06:56:07.538544,859.49,P144
T00639,2024-01-31 23:37:46.538544,683.64,P492
T00640,2023-12-13 17:29:59.538544,954.22,P429
T00641,2024-08-09 23:22:26.538544,943.19,P920
T00642,2024-05-04 14:46:34.538544,695.32,P213
T00643,2024-08-20 01:42:38.538544,731.88,P121
T00644,2023-12-21 17:57:08.538544,773.32,P581
T00645,2023-11-15 15:58:19.538544,641.46,P977
T00646,2024-04-25 14:36:04.538544,64.25,P990
T00647,2023-08-30 14:00:59.538544,827.16,P475
T00648,2023-11-04 23:33:20.538544,648.82,P382
T00649,2024-04-07 14:03:26.538544,639.27,P934
T00650,2024-06-17 01:59:56.538544,396.5,P706
T00651,2024-05-23 09:12:59.538544,833.62,P205
T00652,2024-05-20 09:20:04.538544,653.02,P401
T00653,2024-02-28 08:59:30.538544,922.98,P489
T00654,2023-12-23 12:45:58.538544,203.49,P447
T00655,2023-12-04 05:04:20.538544,780.26,P131
T00656,2024-05-24 03:17:00.538544,966.93,P418
T00657,2024-06-13 06:09:48.538544,466.58,P293
T00658,2024-03-19 08:56:04.538544,200.94,P734
T00659,2023-10-28 22:50:47.538544,70.75,P720
T00660,2023-11-09 13:21:07.538544,811.6,P698
T00661,2024-01-03 17:16:59.538544,684.96,P894
T00662,2024-06-25 02:28:15.538544,436.05,P726
T00663,2023-11-03 07:27:53.538544,980.57,P288
T00664,2023-10-08 03:50:36.538544,166.06,P440
T00665,2024-01-02 20:15:40.538544,754.44,P841
T00666,2023-11-29 21:16:14.538544,562.42,P389
T00667,2024-06-03 21:46:23.538544,771.38,P371
T00668,2023-11-12 22:08:00.538544,204.42,P455
T00669,2024-07-27 09:09:34.538544,681.65,P647
T00670,2024-02-05 14:48:48.538544,930.68,P246
T00671,2024-07-08 06:27:08.538544,179.78,P671
T00672,2024-01-08 03:46:13.538544,307.9,P725
T00673,2024-07-08 04:03:23.538544,958.57,P419
T00674,2024-04-07 21:15:47.538544,272.1,P614
T00675,2023-11-28 05:31:28.538544,59.2,P569
T00676,2023-12-15 00:23:28.538544,610.06,P671
T00677,2023-10-22 07:54:04.538544,691.31,P961
T00678,2023-09-20 08:30:24.538544,454.05,P480
T00679,2023-10-21 23:04:42.538544,267.82,P218
T00680,2024-02-14 05:28:12.538544,468.41,P300
T00681,2024-05-23 22:40:19.538544,424.79,P825
T00682,2024-06-12 01:28:31.538544,807.11,P434
T00683,2024-07-24 06:53:41.538544,505.07,P447
T00684,2024-05-19 02:57:38.538544,361.76,P984
T00685,2024-04-30 03:33:17.538544,714.09,P644
T00686,2023-10-27 01:31:09.538544,870.71,P237
T00687,2024-05-23 01:32:16.538544,471.31,P667
T00688,2023-09-27 16:22:00.538544,765.98,P683
T00689,2024-07-31 23:30:09.538544,206.4,P585
T00690,2024-03-24 19:32:08.538544,430.0,P806
T00691,2024-06-23 21:50:33.538544,750.57,P962
T00692,2024-02-18 07:56:46.538544,36.63,P685
T00693,2024-03-01 21:42:56.538544,874.16,P944
T00694,2024-05-31 08:43:36.538544,46.97,P719
T00695,2023-08-27 10:27:33.538544,546.66,P566
T00696,2023-10-13 02:31:29.538544,476.64,P398
T00697,2023-08-24 23:54:27.538544,400.07,P116
T00698,2024-02-23 01:59:08.538544,714.15,P142
T00699,2024-05-20 04:52:10.538544,61.95,P806
T00700,2024-08-10 18:27:20.538544,474.15,P203
T00701,2024-05-01 19:28:19.538544,828.49,P630
T00702,2023-10-22 02:40:34.538544,342.84,P319
T00703,2024-01-12 12:52:17.538544,482.72,P796
T00704,2024-03-08 22:45:02.538544,97.26,P301
T00705,2024-01-29 03:10:52.538544,201.9,P658
T00706,2024-01-14 19:03:16.538544,67.34,P414
T00707,2024-03-16 14:46:52.538544,742.32,P716
T00708,2023-08-31 18:29:40.538544,255.36,P480
T00709,2023-12-24 14:37:34.538544,35.76,P891
T00710,2024-05-08 12:02:41.538544,430.44,P128
T00711,2023-12-08 15:20:50.538544,206.26,P228
T00712,2024-06-18 19:14:36.538544,925.96,P396
T00713,2024-06-08 14:06:00.538544,422.73,P405
T00714,2024-05-07 03:10:36.538544,742.04,P731
T00715,2024-04-21 07:18:39.538544,109.73,P535
T00716,2024-05-10 04:14:24.538544,280.53,P344
T00717,2024-03-05 09:03:38.538544,323.56,P967
T00718,2023-10-12 05:39:37.538544,485.38,P246
T00719,2024-03-18 06:47:53.538544,722.03,P193
T00720,2024-07-02 13:17:28.538544,588.42,P391
T00721,2024-01-03 00:32:41.538544,161.17,P143
T00722,2024-01-19 16:59:38.538544,898.99,P928
T00723,2023-12-18 00:21:01.538544,799.39,P968
T00724,2024-05-18 17:12:27.538544,663.35,P968
T00725,2023-12-13 07:03:16.538544,502.37,P622
T00726,2024-03-09 17:38:18.538544,833.08,P159
T00727,2024-01-01 08:41:47.538544,124.15,P868
T00728,2023-10-15 03:35:29.538544,295.38,P780
T00729,2023-10-27 10:02:10.538544,322.85,P748
T00730,2024-05-29 16:11:25.538544,483.37,P720
T00731,2023-11-04 06:36:57.538544,347.48,P128
T00732,2023-08-27 03:28:19.538544,425.66,P947
T00733,2023-12-22 04:28:00.538544,49.68,P685
T00734,2023-11-13 03:53:20.538544,253.69,P722
T00735,2023-10-18 14:46:53.538544,869.87,P794
T00736,2024-03-20 03:02:25.538544,96.38,P142
T00737,2024-04-27 14:21:13.538544,753.56,P851
T00738,2023-11-12 21:56:46.538544,297.52,P457
T00739,2024-06-25 14:04:56.538544,667.86,P743
T00740,2024-03-19 15:34:26.538544,67.78,P437
T00741,2023-09-16 15:49:33.538544,98.24,P172
T00742,2024-08-08 22:25:15.538544,549.61,P183
T00743,2024-04-25 03:27:04.538544,534.98,P325
T00744,2024-01-24 06:35:04.538544,893.33,P110
T00745,2023-11-25 06:57:51.538544,805.11,P388
T00746,2024-07-23 18:20:06.538544,982.66,P473
T00747,2024-07-01 23:56:08.538544,328.09,P442
T00748,2023-09-21 10:11:15.538544,310.49,P409
T00749,2023-12-10 11:52:57.538544,12.96,P890
T00750,2024-05-25 09:02:59.538544,540.61,P754
T00751,2024-04-12 22:38:25.538544,162.26,P349
T00752,2024-03-15 20:45:12.538544,771.4,P311
T00753,2024-07-28 13:45:44.538544,300.63,P974
T00754,2024-03-17 02:31:40.538544,905.47,P254
T00755,2024-07-14 07:48:37.538544,990.16,P818
T00756,2024-05-07 07:32:02.538544,484.51,P635
T00757,2023-11-03 18:43:10.538544,47.78,P812
T00758,2023-12-16 07:26:50.538544,602.27,P364
T00759,2024-04-10 13:58:12.538544,201.36,P534
T00760,2024-04-11 10:36:14.538544,387.77,P548
T00761,2023-10-25 08:26:33.538544,16.41,P473
T00762,2023-11-12 03:51:12.538544,492.16,P384
T00763,2023-09-04 17:31:43.538544,52.74,P851
T00764,2023-12-19 16:48:58.538544,351.58,P168
T00765,2024-04-15 07:40:33.538544,986.96,P988
T00766,2024-03-19 21:58:15.538544,72.47,P725
T00767,2024-06-19 10:49:04.538544,35.62,P658
T00768,2023-09-17 21:25:02.538544,124.92,P648
T00769,2023-12-27 05:55:45.538544,415.15,P277
T00770,2023-12-20 17:55:26.538544,667.63,P969
T00771,2024-02-03 17:41:48.538544,687.97,P400
T00772,2023-11-13 20:50:10.538544,468.17,P987
T00773,2024-02-17 20:41:02.538544,169.06,P722
T00774,2023-11-17 10:07:06.538544,587.67,P392
T00775,2024-05-01 06:52:10.538544,415.16,P170
T00776,2023-10-13 18:13:35.538544,355.8,P894
T00777,2023-12-29 22:51:22.539497,266.98,P641
T00778,2024-06-14 04:49:10.539497,255.46,P651
T00779,2024-05-28 07:54:26.539497,518.94,P287
T00780,2023-09-06 04:41:47.539497,474.7,P355
T00781,2024-06-24 11:43:30.539497,810.56,P949
T00782,2024-04-30 18:59:56.539497,31.86,P669
T00783,2024-03-21 06:24:45.539497,617.05,P415
T00784,2024-06-28 16:36:58.539497,603.23,P667
T00785,2024-05-08 14:57:18.539497,562.26,P332
T00786,2024-06-14 18:02:33.539497,54.45,P781
T00787,2023-10-07 08:35:16.539497,283.29,P249
T00788,2024-08-03 05:41:29.539497,189.54,P220
T00789,2024-06-30 19:25:51.539497,284.37,P789
T00790,2024-04-15 09:46:24.539497,249.54,P344
T00791,2024-03-31 01:48:01.539497,671.57,P533
T00792,2023-08-24 20:00:52.539497,818.59,P374
T00793,2023-11-08 05:01:10.539497,11.36,P336
T00794,2023-11-04 14:57:21.539497,384.9,P856
T00795,2024-05-23 01:35:25.539497,862.73,P478
T00796,2024-06-16 00:54:28.539497,943.33,P342
T00797,2024-03-18 01:17:31.539497,957.47,P724
T00798,2024-07-26 17:13:47.539497,475.66,P675
T00799,2024-01-25 12:03:46.539497,672.89,P685
T00800,2023-10-17 08:56:47.539497,479.87,P596
T00801,2024-02-16 14:18:38.539497,777.46,P902
T00802,2023-12-31 11:05:41.539497,447.86,P335
T00803,2024-08-02 19:07:38.539497,407.13,P558
T00804,2023-11-25 06:52:47.539497,179.03,P296
T00805,2023-11-07 03:38:18.539497,582.05,P606
T00806,2024-05-18 02:36:46.539497,675.12,P772
T00807,2023-12-31 22:22:32.539497,462.85,P462
T00808,2023-09-10 17:06:38.539497,731.46,P781
T00809,2023-12-19 04:36:35.539497,301.37,P170
T00810,2024-01-02 18:14:22.539497,169.98,P497
T00811,2023-08-29 20:44:55.539497,300.74,P273
T00812,2024-07-20 16:39:51.539497,570.43,P366
T00813,2024-01-23 09:11:43.539497,96.11,P753
T00814,2024-03-27 12:11:44.539497,145.4,P758
T00815,2024-01-15 21:32:59.539497,800.65,P628
T00816,2023-08-27 20:42:06.539497,68.98,P102
T00817,2024-07-22 19:58:11.539497,757.91,P629
T00818,2024-01-24 14:29:32.539497,627.03,P576
T00819,2023-08-22 13:22:22.539497,911.02,P695
T00820,2023-11-16 16:51:41.539497,155.04,P758
T00821,2024-08-16 07:52:13.539497,28.02,P552
T00822,2024-05-15 14:15:08.539497,49.38,P607
T00823,2024-05-19 05:25:38.539497,432.62,P797
T00824,2024-01-26 19:11:02.539497,820.65,P839
T00825,2023-11-30 08:10:36.539497,834.62,P407
T00826,2024-01-30 19:28:26.539497,911.96,P794
T00827,2024-01-13 10:06:37.539497,964.12,P389
T00828,2024-07-29 09:45:12.539497,903.11,P648
T00829,2024-05-18 23:57:27.539497,868.4,P572
T00830,2023-10-31 21:01:55.539497,678.68,P410
T00831,2023-08-29 14:24:11.539497,496.04,P504
T00832,2023-10-10 03:39:16.539497,631.28,P520
T00833,2024-04-06 01:01:41.539497,359.76,P960
T00834,2024-05-09 21:14:38.539497,601.38,P823
T00835,2024-01-22 04:34:05.539497,130.4,P485
T00836,2024-05-20 12:13:20.539497,797.1,P234
T00837,2024-06-27 01:23:22.539497,714.62,P950
T00838,2024-07-25 23:15:50.539497,694.96,P280
T00839,2023-11-18 06:48:23.539497,492.57,P966
T00840,2023-11-10 02:26:58.539737,771.61,P738
T00841,2024-04-22 04:56:39.539737,472.76,P541
T00842,2024-04-14 04:01:26.539737,729.68,P413
T00843,2023-10-02 08:01:28.539737,249.8,P189
T00844,2024-05-22 21:40:27.539737,693.61,P896
T00845,2024-06-08 23:02:32.539737,329.68,P575
T00846,2024-04-14 17:21:49.539737,825.9,P699
T00847,2023-09-06 08:02:16.539737,454.19,P599
T00848,2024-02-25 15:10:02.539737,129.24,P238
T00849,2024-01-29 16:15:53.539737,991.03,P165
T00850,2024-05-18 16:50:54.539737,158.99,P833
T00851,2024-01-20 20:30:33.539737,409.99,P175
T00852,2024-03-18 13:11:13.539737,412.54,P911
T00853,2024-06-13 11:49:17.539737,113.03,P736
T00854,2024-02-03 12:49:36.539737,623.12,P864
T00855,2024-06-06 06:26:59.539737,379.63,P395
T00856,2023-11-13 20:57:07.539737,717.46,P204
T00857,2024-05-07 20:08:14.539737,71.95,P466
T00858,2024-05-05 06:33:17.539737,210.17,P806
T00859,2024-03-29 13:34:05.539737,458.26,P810
T00860,2024-02-17 18:21:31.539737,440.27,P364
T00861,2023-09-11 13:53:51.539737,234.47,P765
T00862,2024-06-23 07:36:30.539737,48.55,P352
T00863,2024-08-15 08:25:23.539737,583.84,P483
T00864,2024-04-16 13:08:22.539737,456.14,P280
T00865,2024-02-03 23:23:35.539737,931.05,P603
T00866,2024-01-30 12:24:08.539737,591.69,P456
T00867,2024-07-01 16:27:16.539737,156.31,P889
T00868,2023-08-30 10:41:10.539737,715.06,P803
T00869,2023-11-13 11:16:28.539737,357.26,P223
T00870,2023-09-18 20:13:33.539737,981.2,P843
T00871,2024-06-04 05:46:19.539737,340.47,P391
T00872,2023-10-16 02:54:56.539737,582.84,P730
T00873,2023-10-09 08:56:15.539737,615.38,P510
T00874,2023-08-31 08:49:53.539737,697.3,P285
T00875,2024-02-11 03:23:37.539737,692.56,P506
T00876,2024-01-19 05:42:37.539737,529.32,P311
T00877,2024-03-14 04:35:45.539737,796.18,P914
T00878,2023-09-30 21:02:50.539737,842.85,P682
T00879,2023-10-05 10:40:55.539737,294.4,P815
T00880,2024-05-01 08:47:23.539737,646.15,P349
T00881,2024-01-23 03:21:04.539737,971.28,P691
T00882,2024-03-05 19:54:18.539737,481.99,P553
T00883,2024-06-09 04:13:04.539737,507.49,P765
T00884,2023-09-12 21:56:56.539737,69.86,P449
T00885,2024-07-18 17:40:34.539737,200.68,P413
T00886,2023-10-20 02:06:18.539737,509.07,P351
T00887,2024-02-04 06:36:30.539737,593.64,P690
T00888,2023-10-09 23:00:58.539737,973.27,P860
T00889,2024-05-17 14:15:35.539737,176.55,P398
T00890,2023-11-17 16:50:48.539737,871.51,P166
T00891,2024-04-19 22:51:56.539737,140.5,P117
T00892,2024-03-15 00:25:24.539737,164.08,P477
T00893,2024-07-29 05:00:30.539737,932.99,P575
T00894,2024-04-13 15:28:27.539737,980.25,P424
T00895,2023-11-16 01:41:11.539737,589.88,P747
T00896,2024-03-06 17:38:39.539737,743.73,P545
T00897,2024-05-03 04:44:36.539737,876.29,P187
T00898,2024-05-03 08:22:56.539737,631.62,P199
T00899,2023-12-16 11:54:16.539737,358.5,P497
T00900,2023-12-15 13:29:35.539737,243.15,P159
T00901,2024-07-25 10:01:26.539737,38.78,P215
T00902,2024-04-30 14:03:20.539737,867.76,P195
T00903,2023-11-12 15:50:21.539737,822.5,P438
T00904,2024-02-10 04:47:50.539737,414.71,P408
T00905,2024-07-28 11:43:44.539737,841.28,P893
T00906,2024-03-16 14:47:46.539737,787.41,P800
T00907,2023-10-24 15:10:32.539737,701.78,P563
T00908,2023-08-23 04:53:25.539737,776.15,P483
T00909,2024-05-02 21:23:22.539737,294.64,P787
T00910,2024-02-16 03:13:51.539737,844.07,P244
T00911,2024-05-16 02:06:54.539737,555.62,P848
T00912,2024-03-30 10:05:55.539737,646.43,P524
T00913,2023-11-22 00:35:13.539737,628.4,P267
T00914,2024-04-20 20:01:52.539737,979.81,P126
T00915,2024-05-10 14:21:04.539737,357.52,P767
T00916,2024-06-25 14:12:41.539737,220.92,P203
T00917,2024-05-10 00:45:04.539737,233.51,P561
T00918,2024-06-04 02:34:33.539737,144.38,P435
T00919,2024-02-23 15:12:12.539737,25.37,P937
T00920,2024-03-10 16:51:56.539737,982.65,P358
T00921,2024-03-29 11:18:43.539737,72.39,P207
T00922,2024-02-26 09:59:57.539737,231.74,P380
T00923,2024-05-13 09:09:30.539737,780.05,P982
T00924,2024-03-02 08:26:49.539737,794.96,P817
T00925,2023-10-11 22:55:50.539737,369.77,P664
T00926,2024-04-10 07:59:57.539737,453.01,P975
T00927,2024-05-27 00:34:35.539737,738.04,P518
T00928,2024-03-03 11:48:40.539737,424.51,P160
T00929,2024-01-31 00:56:21.539737,376.61,P548
T00930,2023-09-13 14:43:28.539737,60.27,P502
T00931,2023-12-12 20:24:00.539737,177.42,P522
T00932,2024-02-10 23:28:33.539737,64.63,P133
T00933,2023-08-24 06:53:28.539737,677.41,P726
T00934,2024-01-20 18:59:21.539737,809.7,P606
T00935,2023-11-17 18:24:36.539737,577.45,P313
T00936,2024-05-06 17:47:19.539737,452.03,P239
T00937,2023-12-24 19:20:56.539737,820.58,P553
T00938,2024-05-12 06:20:44.539737,70.19,P302
T00939,2024-04-30 09:23:09.539737,629.49,P348
T00940,2023-11-16 08:47:19.539737,430.08,P646
T00941,2023-10-14 22:38:15.539737,575.39,P242
T00942,2024-07-04 15:29:27.539737,169.78,P579
T00943,2024-03-01 12:25:15.539737,22.38,P897
T00944,2024-08-11 08:15:25.539737,923.28,P222
T00945,2023-12-02 16:52:23.539737,820.26,P748
T00946,2024-03-03 07:09:44.539737,432.94,P180
T00947,2024-04-29 06:49:33.539737,566.92,P630
T00948,2024-02-23 17:17:27.539737,281.24,P711
T00949,2023-08-29 16:09:32.539737,614.62,P946
T00950,2024-03-06 09:55:25.539737,589.96,P475
T00951,2023-09-10 09:25:28.539737,362.19,P874
T00952,2024-08-13 11:01:28.539737,676.08,P342
T00953,2023-10-25 14:30:29.539737,689.85,P349
T00954,2024-06-01 00:11:30.539737,513.57,P989
T00955,2023-12-09 23:22:39.539737,70.56,P194
T00956,2023-12-17 08:51:39.539737,233.08,P534
T00957,2024-01-25 22:28:31.539737,610.09,P324
T00958,2023-09-06 18:21:54.539737,413.55,P576
T00959,2024-05-11 15:26:07.539737,387.37,P172
T00960,2023-10-27 08:39:40.539737,961.61,P627
T00961,2024-03-24 03:46:07.539737,133.68,P168
T00962,2024-02-11 06:05:11.539737,94.87,P216
T00963,2024-01-12 14:29:47.539737,926.37,P674
T00964,2024-07-01 22:15:21.539737,467.8,P369
T00965,2024-07-24 01:36:09.539737,39.8,P424
T00966,2023-12-16 12:46:54.539737,65.01,P895
T00967,2024-01-20 08:46:43.539737,868.06,P152
T00968,2024-02-27 21:37:58.539737,689.22,P356
T00969,2024-01-27 16:22:45.539737,406.08,P338
T00970,2024-04-24 15:13:18.539737,501.08,P464
T00971,2023-12-27 09:24:15.539737,244.09,P235
T00972,2023-12-11 16:13:43.539737,372.74,P112
T00973,2023-09-16 17:54:56.539737,835.15,P683
T00974,2024-03-19 06:57:01.539737,485.75,P559
T00975,2024-05-31 01:55:34.539737,637.84,P394
T00976,2023-11-06 05:29:49.539737,476.24,P145
T00977,2023-08-30 19:04:54.539737,344.97,P976
T00978,2024-04-07 02:18:09.539737,281.52,P111
T00979,2024-03-06 07:27:37.539737,999.84,P765
T00980,2023-09-08 04:52:29.539737,187.61,P864
T00981,2023-10-16 23:55:19.539737,818.31,P837
T00982,2024-06-21 09:37:04.539737,931.69,P830
T00983,2024-04-27 19:11:03.539737,939.25,P533
T00984,2024-02-14 13:59:23.539737,533.74,P613
T00985,2024-01-16 04:33:20.539737,362.44,P755
T00986,2023-12-02 21:11:05.539737,536.89,P495
T00987,2023-12-19 14:14:56.540263,635.3,P756
T00988,2023-11-06 18:04:34.540263,301.46,P811
T00989,2023-09-23 01:42:41.540263,537.14,P292
T00990,2024-02-26 22:10:59.540263,522.91,P753
T00991,2023-10-22 09:51:54.540263,88.5,P507
T00992,2023-11-20 16:09:56.540263,892.78,P939
T00993,2023-11-12 22:22:58.540263,487.9,P610
T00994,2024-05-05 07:03:44.540263,45.7,P837
T00995,2023-10-09 18:37:08.540263,889.64,P858
T00996,2023-10-30 02:10:39.540263,221.97,P554
T00997,2024-08-04 23:14:34.540263,216.11,P337
T00998,2024-06-24 08:53:19.540263,682.65,P299
T00999,2023-09-25 17:16:50.540263,971.5,P127
T01000,2024-08-06 01:56:16.540263,217.31,P473
